,sentence
0,還你一個清爽暢通的寶鼻(⁎⁍̴̛ᴗ⁍̴̛⁎)！❤️
1,為今日難吃的涼麵做個紀錄😤
2,前幾天的照片真的慘不忍睹😂
3,🌟天婦羅（時蔬）
4,看的真的是又愛又虐😍
5,畢竟厚擦掉色就變薄擦了嘛🤣
6,好開心我們能一起去頒獎🥰
7,🔸時間：2021年3月24日（三）19:30-21:00
8,🔅奧萬大遊客中心到台電1.8公里，到溫泉約7.5公里
9,所以也只能等到出社會後自己負擔矯正費用💸
10,首先是要做出最基礎的檸檬🍋
11,雖然最後我們清氣球清的很累🤣
12,我覺得發佈會的文字光看就很有粉紅泡泡了….🥴🥴💕
13,😶：你男友呢？
14,BTW高雄巨蛋某位櫃姐好沒耐心，跟她說想看磨砂膏，只問要看哪個味道，也不打算一一介紹，要不是需要真的不想跟她買，她再多推薦一下我就會敗沐浴油的說😂😂在這邊祝福大家都能遇到有耐心的櫃哥櫃姐❤️
15,Bling的感覺✨
16,本來夏莉已經要回家，卻在路途中看見下雨，擔心泰武的她再次衝回醫院，意外再次被爺爺撞見，（但是我發現這邊爺爺的臉好像有稍微緩和了一點），之後的這段我覺得兩個演員都情感大炸裂，夏莉的表情跟台詞都深深安慰著泰武（好好哭🥺）
17,第一次寫美食文🙏
18,小年夜前夕和老公一起整理擦拭並把年花們就定位❤️
19,結果學弟根本沒聽進去🤨🤨🤨
20,（我姐跟同事姐姐還在那邊裝不認識然後在握手打招呼哈哈哈哈哈🤣蟲還沒發現還在旁邊傻笑）
21,但沒搶到票🥲
22,油痘肌人🙋
23,例如：消水腫妝/好物分享➡️也可以發：腫泡泡眼妝容分享
24,比起高中打破頭，現在真的帥多了啦😂好希望超級希望下次我看葉先生比賽的時候，他扣給我看喔（前提先贏球
25,專業石頭收集員🐶
26,✅滿福水餃
27,🇹🇼：啊你都會帶歷任來動物園喔？
28,封面已經太多朴志焄😂
29,✔️#極度防禦溫和防曬乳
30,我通常早餐都會吃兩片全麥土司或是多穀物（multigrain)吐司，但如果全部夾在一起菜會塞不下🤣，所以我都是直接把菜放上面夾著麵包吃，感覺像吃兩個三明治🥪🥪😍！
31,▪體育
32,不一樣啊完全😭😭😭😭😭
33,Ado，多麼夢幻的組合✨一起來搶鮮聽鋼琴版吧
34,懶人搭法：一件洋裝輕鬆搞定。抱歉我只有半身照可以參考～～洋裝外搭配一件外套還有顯瘦的效果🤫
35,🍫M&M‘s糖衣巧克力布朗尼口味
36,很多都是今年新品哦😎
37,不會太亂又不需要折襪子❤️‍🔥
38,有了先行曲接著就是正規三了🔥🔥🔥
39,需要可愛的寶貝來慰藉吧💕
40,然後我就已讀不回了🤣
41,使用感受：👍👍👍（冬天不夠保濕）
42,[109學年國中硬式聯賽］人物🔍
43,✔️dasique7號眼影盤
44,小水壺：之前他們起鬨我跟三根毛的時候，我就覺得很噁心很生氣了🤣
45,清大是不是都沒什麼同志情侶呀，還是看到人群都躲起來了啦😢清大的同志友善風氣，好像不太好👀
46,口香糖（💡
47,劇組直接賀成交🎊😂
48,拜託大家幫幫我😭
49,相信持續使用能有效維持好膚質✨
50,（我原本要用跨買行動取換的🤣）
51,已成時代眼淚了呢💧
52,來源也很清楚👍
53,❗️重點:歐美不等於濃妝
54,最後也謝謝喜歡阿嬤的人🙏🏻
55,不過後來前女友跟他提分手，後來才發現原來她也劈腿😂。另外一個女生，也因為太傷心就離開了。
56,👨：那也要有輕重緩急啊
57,之後再說😅
58,買給自己也會想嫁給自己那種😂
59,湖水顏色太太太美❤️❤️❤️❤️
60,見なかったことにして🙃、夕飯準備まで宿題の書類作りです。
61,突然……女友開始唱起國歌🤷‍♂️🤷‍♂️🤷‍♂️
62,我的瀏海往前撥直接變這樣🤡
63,今天要跟大家分享的是「韓國三大社妝容」之「YG家的Blackpink妝」，上次的JYP妝容大家的反應感覺很不錯，都是偏成功的感覺，所以這次畫YG就有點壓力山大🤣很怕畫的太爛會讓大家失望，所以還是稍稍花了一點時間研究。
64,🏀：妳是貪吃的胖子…然後她煮的菜很好吃
65,折入手☺️台幣不到
66,也不是每一個女生會側漏啊🥲
67,超喜歡用腰鍊把腰身拉出來🤩
68,男生也會「隱ㄐㄐ」🙂
69,在傍晚昏暗的燈光氛圍下晚餐真的很浪漫，這是個很棒用餐體驗☺️
70,兩個今天表現都都很棒👍🏻
71,✨體驗的過程跟大家分享
72,拍了好多美麗的照片😍
73,有吧有吧🥹🥹🥹
74,第3⃣️道是精華
75,但因為我是愛吃鹹的人，會參考韓國人減肥的菜單，偶爾吃泡菜跟泡菜豆腐湯，熱量偏低又好吃～（祇是吃多泡菜隔天臉會水腫🥲但熱量算低的～）
76,但是婚禮當天我還是逼大家使用🤣
77,運動理論課🏋‍♂️
78,阿阿自尊心完全受損啊🥲🥲🥲
79,Darphin芳香精露歸類在香氛或保養都可以😂
80,⬇️名坂奇⬇️
81,💡報名方式：請填寫線上表單
82,molly，特別為卡友們獻上適合過年又好上手的好氣色妝容❤️
83,推薦：⭐️⭐
84,因為中間我又把指甲摳掉咬真甲🥲
85,喜歡到處吃美食的舉手（我自己先舉😆
86,這兩天辛苦身邊這位👨🏻‍🦳
87,👧🏻：「我知道男生都會有生理需求，自己在家解決
88,背後的湖泊呈現著抹茶色🍵真的是很漂亮
89,而且我試過了⋯貓咪真的很愛👍
90,我去了就知道囉🥰
91,這罐蠻水潤的，延展性👍非常好推勻
92,開心就好😆
93,⚠️但要提醒你，若你是乾性肌膚！
94,她到底怎麼能擲出22.3的🤔
95,但足足花了我們快三小時的腳程🦵🏻
96,選擇搭配自己膚色的顏色也很重要喔😉
97,這是副作用嗎🥲
98,講到最後有點把男醫的底牌掀出來了🤣
99,右上は、もちろんお水ではありません🤭
100,以上是我自己的保養小方法💗
101,也推坑大家😂
102,將平凡的生活，變得不同凡響❤️
103,雖然秀英在裡面是女二，但我覺得秀英把角色演得很有魅力，是會完全跳脫崔秀英這個人的演技，配角線也很完整，值得沒看過的人補追～～反差萌超棒❤️
104,✏️質地是白色乳液，吸收速度很快
105,📌再用深一點的橘色畫在眼摺裡、眼頭、眼尾和臥蠶後方的眼皮上
106,每次去超市看鳳梨都是哥斯大黎加的，所以買了一盒解解悶😆
107,上林務局申請入山🤩
108,拿起來蠻輕的但質量都還不錯🤩
109,但是還是很喜歡這系列的照片🤤
110,小包專用的皮夾無誤🤩
111,🍓：哺哺約會是什麼?
112,是會被狠狠修理、用衣架打一波痛爆的那種😱
113,打完的成果跟大家分享一下👇🏻
114,💡首間紅磚屋門市
115,趕緊發文跟回大家的帖文😭
116,包裝可愛又可直接帶著走🚘
117,因為明天就是今日介紹主角柳太陽的生日啦🥳
118,📍媽媽煮藝韓式泡菜豬肉煎餃
119,🌟首播連結：https://youtu.be/AhQGw7I96JY
120,至於產品的使用感受也是值得大大誇獎✨
121,（沒什麼毛的狀態⬆️）
122,韓式辣炒醬將肉片醃漬靜置（包裝背面有做法），熱鍋加入少許橄欖油將肉片炒至八分熟再放入自己喜歡的食材和少許的水拌炒就能快速上桌😊
123,🪵：沒辦法啊
124,理央跟由奈超可愛☺️
125,我不應該活著啦😍😍😍
126,好的‼️如果說看到這裡還不知道自己適合哪種定妝噴霧、或者買回家了卻發現效果好像不太妙，那我建議可以再看這一篇：
127,剛好適合這種朦朧憂鬱感耶🫡
128,👱🏻‍♀️：謝謝～～
129,大家好～首先～我跟我先生在一起大概七年了，在去年底的時候在墾丁民宿跟我求婚了❤️
130,有機會抽到正貨產品!!!!😂😂😂
131,很好搭配（我覺得啦🤣
132,📌落地感的褲子
133,甚至會想來拍婚紗照那種😂
134,補吃安安生日餐🎁
135,但還是呈現這樣😿😿
136,一個人站在這個大舞台上演出最完美的表演💚
137,因為我很喜歡去咖啡廳吃下午茶☕️所以這次聯名主題就是以午茶點心為概念
138,……真的什麼都可以賣欸😑😑😑
139,等我到學務處後，我/梓郡/墨航/🙉/💩/🕷的班導都在，傻了眼的我就那邊啃著漢堡聽老師們解釋
140,明天就是情人節了！不知道大家有什麼規劃嗎😆
141,最後㊗️STAYC走花路！！！
142,看到韓妞試色的第一秒就認定Gipsy了，實體顏色也沒有讓我失望，近期很常擦，之前去義大玩掉在路上還差點哭出來🥲
143,很好放👍🏻
144,🍦一臉鄙夷的說：「嗯啊，就是看著在那邊被氣到活蹦亂跳的你忽然覺得很搞笑，雖然情人節沒有跟預期一樣，但忽然覺得我愛你，而且我會一直對你好。」
145,但0卷講好多話而且好溫柔🥺
146,📌鐵罐
147,先來我近期的最愛❤️
148,#已同意我自行後製🙂
149,登愣！看看是誰來啦😉
150,🙋‍♀️但我覺得最好吃的吃法，
151,（她就尿下去😀
152,新色一上市我就買了，拖到現在才發文…😂
153,稍微而已🤏🏻
154,⭐好好生活公寓
155,以上條件缺一不可唷🙌🏻
156,上完蜜粉定好妝後我會先上眉毛的部分，先看眉毛畫的怎樣再考慮如何調整眼妝😆一切隨心情！
157,如果阿嬤看到一定會覺得很好笑😂
158,都好好吃😋
159,就可以跟男神合照（獲得一張紀念拍立得）&互動😂
160,是進擊的巨人吧🤭
161,✅眼霜3ML
162,畢竟真的會有被萬中選一的獲勝感🎉
163,有誰跟我一樣🥲🥲🥲
164,第一次去的時候因為颱風剛走浪太大獨木舟出不去而取消😕
165,他是雙電器專屬置放空間，內有雙插座孔，廚房中經常外露的電鍋、電子鍋、熱水器，通通可以直接放在裡面煮飯、燉湯、煮水!👏，收納好看也不用拿進拿出，內有雙排風扇裝置，蒸氣完全排出，延長櫥櫃使用期，下方還有
166,"💡💡溫馨提示,"
167,熊出沒🐻
168,加上家裡保護的蠻好的（24歲沒有打工過）個人是覺得他還沒社會化😅很多行為或言語都以自我為中心
169,這學期我有特意避開A，但還是有堂修到一樣，也是很硬那種，然後A依舊滑手機🙃，但這學期A更過分了，上課一直跟我說話，一直問我問題，我就有點不開心跟他說我想認真上課就不太理他，結果他竟然直接把我的筆記拿去看，欸不是我沒借你欸，我就很不開心拿回來，但就算我表明我很不喜歡這樣，他還是依舊這麼做，所以我就開始換位置，但我換到哪他跟到哪，我根本沒辦法🥲
170,於是大叔從後背包裡拿出鐵鎚跟釘子🔨
171,推薦程度｜🌖🌑🌑🌑🌑
172,（整個超潤🤩
173,附上來討摸摸的影片（請開聲音🔊）
174,考完出來透透氣的🐟
175,外盒變窄好收納👍
176,（這是第2本相簿～個照，內有甕仔雞請小心服用😝）
177,今天天氣一級棒👍🏻
178,1️⃣男方的自我介紹，以及和女方家長打招呼。
179,排隊的時候想了很久🤣🤣
180,🗣️🗣️第✌彈
181,一貫只要13元的炙燒鮭魚壽司真的超佛！這裡也有賣其他口味的壽司都很平價，個人覺得焦糖鮭魚最好吃但有點甜就是😍😍
182,現在我擔任了新光三越網路選物店開站大使✨
183,第二天全卸下😆
184,各種廚房鳥事都有💥
185,查看更多妝容👉🏻
186,，影片被TME找到了，還在簽售上拿給本人看（影片最後有提到學舞的原因，結束前也不忘笑著跟TME說之後再拿這種影片來給他看會出大事的🤗）
187,我最愛的蒜香蝦醬義大利麵❤️
188,妝感會一整個貼到不行！持續回購再回購中❤️
189,🚩踢爆王同學外流他人私密影像的那篇留言遭刪除
190,推薦程度：🌕🌕🌕🌕🌗
191,✏️質地是透明帶水潤感，吸收速度很快
192,❕右邊時期：170cm/57kg/體脂22.6%
193,真是佛系戀愛☺️
194,我迫不及待趕快把妳帶回家跟妳玩玩具了🤍
195,大家衣櫃是是否都有買了一直沒穿的衣服，或者還沒有機會穿的衣服？趕快趁在家裡的時候拿出來熱身熱身，跟鞋子要先穿軟的概念一樣🤣
196,✨在德國當護理師的法定假期&福利待遇
197,上了大學後開始打工賺錢⋯⋯看朋友做就一直想做，礙於自己手真的好醜，關節處特別粗大（彈琴的人關節都這樣因為要出力🤪），而且習慣長長就咬掉
198,Anly，聊聊讓自己克服拍照心魔的掌鏡人💕
199,最近想換遮瑕😆😆不知道大家有沒有推薦的😍
200,感謝同學借我登山包、登山杖那類的😭😭😭😭
201,🛸［崩掰牙🦷］
202,我就突然啜泣哭了😭（我原本以為只會默默流眼淚
203,每次都說粗重的我來，妳在旁邊等😂
204,不見不散💕
205,放個假沒想到也換我發生悲劇了😭😭😭
206,希望照片妳滿意啦👊🏻
207,但多少有種被欺騙的感受😐
208,🧩巧之味手工水餃
209,如果懷孕的朋友可以來這邊換床墊😂😂
210,快來一起蓋樓💕用仙人掌雙精萃解決你的肌膚困擾吧！
211,結果到最後男友的衣服都不是他在穿🤣🤣
212,節目帳號🔎
213,期待下一次的歡笑旅行✈️
214,第一次發文有違規還請告知謝謝🙏
215,距離上次見面大概是一年前了😭
216,所以我都很認真的在欣賞身邊的每一個人，再來去慢慢的定位我自己☺️
217,House麵包盤🥯
218,能讓大家有更明確的改進空間👌
219,雖然一個禮拜前一陣茫然的接獲通知，而演講前一晚得知時間2Hr變3Hr(haha還是需要小抱怨一下😂）
220,(這瓶應該有20ml…吧？😅
221,直接傳他們喇👅的影片
222,只能找到差不多角度的😂😂
223,大家88👌🏻～
224,(⬆先奉上數張美照！)
225,真是對不起我們的忙內😭
226,🍴營業時間/13:00-18:00
227,很⋯開心🥺
228,更多美食分享在ig⬇️
229,她做完美甲回家三天男友都沒發現🤣）
230,每一個市役所的婚姻届的設計都不太一樣，拍紀念照片的背景也不太一樣，甚至有的地方還會送紀念品🤣
231,下次還要一起爬更多山🤪⛰️
232,可是飯真的好好吃！🥺可不可以只出蔥油飯🥺
233,大叔教大家如何一鍋到底✨煮出湯的鮮甜👍
234,⚠️開板原因：
235,謝謝辛苦的老公💞
236,然後笑起來眼睛會咪成這樣，又肉又像蝌蚪🥲
237,這個背影，好像老夫老妻啊🤍
238,我去的時候正在漲潮！猶豫了很久還是脫下鞋子拼命爬了過去，由於是珊瑚礁非常鋒利還不小心割傷了腳😂
239,連畫的方法都沒變過😏）
240,#本週停更一次🥲
241,近照⬇️
242,而且深色唇彩根本一隻兩用😂
243,想看(多敗家)🌝
244,我：像間諜一樣，事成銷毀嗎😹
245,頭都會比較容易出油，然後頭髮會比較塌😶
246,不得不說這樣真的很好吃🤣
247,內容物有蛤蜊、一隻蝦子、洋蔥、金針菇、蔥花、蛋包、嫩豆腐🥰
248,"3.MV及預告製作團隊🎬：DIGIPEDI(製作,導演)×breezetree(3D特效團隊)"
249,最後一間是📍主臥房
250,✨蔻蘿蘭頭皮淨化光感護髮膜
251,✅通過80分鐘耐水性測試
252,▫️官方
253,「別說我對妳不好！」我驕傲的說。「而且今天我請客!」🤭
254,我們和同事姐姐就看著蟲的後座坐了其他女生，而且👧🏻的手還輕輕的放在蟲的腰上，結果蟲就把安全帽的護目鏡片拉了上來，不知道跟👧🏻說了什麼，她就把手移開了～
255,一走出店門口，我媽直接開口：為什麼你餒餒紅紅的？你不要亂來蛤，不要給我大肚子回家😡
256,✨這款是耐聞的柑橘木質香調
257,所以我網路上找不到菜單上有😂
258,高訂秀😍✨
259,幫客人登記證件呢！😂😂
260,❗️要用來卸妝的話也很好用～但是因為他沒有很大張所以可能要用多張一點才卸的乾淨唷。
261,再來登場的選手是，蝦仁燒賣，就是可以滿足喜歡吃蝦，然後確實也很好吃的品項!😋
262,我到第二部的時候已經有點看不懂了...🤪
263,下飯指數：🍚🍚🍚🍚（4/5）
264,🔟1️⃣甜點三選一：
265,❣️第三階段（增肌是無止盡的）
266,我跟我姐的個性屬於比較活潑外向，也比較會跟小孩玩，小朋友也都會主動找我們，我們就很像YOYOTV的大姐姐🤣
267,你還要下線嗎！！！！🥹🥹🥹🥹🥹
268,期待3月的小旅行🚄
269,*西斯版喔…我會打啦😳
270,接下來一個禮拜晚上睡覺都要很空虛了😢
271,口感🌕🌕🌕🌕🌗
272,可以告訴我怎麼養牠🥺🙏
273,我真的不會這樣虐待自己😆
274,幫你的每一種心情塗上專屬的顏色🫧
275,加入肥大叔官方LINE領取👇🏻
276,金色換日線香氛蠟燭☀️YLANG
277,假掰的示意圖，請多多包涵😜）
278,我也是聽小新說才知道的（喂🤣
279,特以此文紀念💞
280,的大哥-崔玹碩🦔
281,想去室外的游泳池曬太陽了🌞
282,🔹白醋
283,請大家多多支持(G)I-DLE的新專輯❤️
284,結果這次來台南我還是沒有喝到文章牛肉湯🤪
285,老闆人很好很幽默好笑😂
286,畢竟是使用不同力量🤔
287,#小白兔🐰
288,但私底下可能很不能諒解我們吧🙂（有一次聽到他講電話說有一個很小氣的嫂嫂
289,🖤黑玫瑰彈潤水凝霜50ml
290,玩了🤟🏻
291,🏅文書：李怡慧🤝陳沚林
292,一定要去新光A4那一間，各位太太女友，這家店有一個優點，就是它位於香奈兒的二樓入口處旁邊...😆
293,✔️每天超時上班
294,🇰🇷韓式自然蓬鬆燙
295,👉百分百總共練習3遍，第一遍：腦中想答案＋錯的在題號處畫圈，盡量保持頁面乾淨方便重複練習，第二遍：直接寫上答案並改錯，第三遍：將反覆錯的題目製作成錯題筆記。
296,試色分享結束，希望你們會喜歡🤎
297,但希望這次出遊你是開心的🥺
298,而且還是居家型工作室😳
299,問他什麼時候要來🌸
300,最後，這是我發這篇文的原因👇
301,💁🏻‍♀️：這樣房租….
302,台北街頭有你有我#漫步西門#北門#🐢🐝
303,柔嫩滑順的嫩豆腐🤍
304,這兩個配備很可以呀🐻
305,好像很有喔🤣
306,🐶耍寶小狗狗
307,14.香草冰淇淋🍦
308,請欣賞說自己wink做不好的🦊
309,（我媽以為蟲是在故意隨便拿張照片給她看要唬爛她😂
310,一顆挺拔的大樹🌳
311,👉喜歡在家讀書，因為在家可以將課本唸出來，幫助我整理思緒、增強記憶。(阿不想讀的時候可以隨時唱歌🤣)
312,左邊吃2000多&幾個月減脂後⬇️
313,最一開始我的手是這樣子的👆
314,p&AB下台一鞠躬🧎‍♀️🧎‍♀️
315,祝福想要的人都可以買到🥺
316,📌舞台
317,海線的大學肄業😊在燒烤店打工
318,嘗試第一次之後下定決心第二次一定要做出更漂亮的肉桂捲🧐
319,▪︎比較大眾的點這裡▪︎
320,以為自己是在演偶像劇哈，殊不知最終是在演八點檔狗血劇😊
321,💜一盒30顆
322,就是帶著尊敬的心感謝這些小寶貝們🤪
323,學校裡拿過拉糖世界冠軍的老師來範技🤩
324,🌞：哦？不是嗎？
325,心情也變好了🥰
326,賺了一次不錯的經驗！亞軍下班🦈
327,▪️雙眼效果展示中
328,因為今天還會分享一些我ㄉ心情，所以這是一篇很長的文，事先給大家打個預防針💉
329,獻上一張臉蛋近照🤭
330,以上只要18961😍
331,結果裡面的東西完全看不懂拍照直接抓不到重點🥲
332,這是剛剛發生的事，原諒我可能因為情緒還未冷靜所以敘述上可能有些不通順⋯😭
333,🔹保養第二道—小棕瓶
334,好期待他趕快長大跟我一起去逛街🥰
335,我去過醫學中心、區域醫院、醫美診所、服務業、餐飲業…後來從白色巨塔跳脫到外面的社會，其實很不容易（開始接受客戶的各種大脾氣ಠ_ಠ）後來因緣際會轉職到大城市的公司，有機會再跟大家分享心路歷程～不是直播/直銷/業務/包養也沒有出賣肉體大家放心🤣🤣
336,#射手果然懂射手❤️💚
337,🍹最先上來的是氣泡飲，好像餐廳是說「香檳」？
338,77在聖誕節當天也成功脫單了！我好感動他終於衝了🥺
339,🔹鞋子：方頭平底鞋
340,😏對你的回饋，我有共感，或許我能提供點幫助。
341,荷包痛還是會想再回購😝
342,：勻勻怎麼了？妳沒有跟小毛在一起嗎？（勻勻都叫我妹小毛，這個說來話長，之後可以跟大家分享，是個很可愛又很好笑的故事😆）
343,看到背景有像就直接拍起來了🤣🤣🤣
344,到隔壁不遠處的新光A4吃教父😅
345,🔸排骨
346,🥺分享完畢🥺
347,📞訂購專線：04-23935243
348,真的感謝各位，原本文章剛PO出來的時候看到一些負面的留言，還在懷疑自己這樣做是不是不被接受的，甚至有點小低落，差點就刪文了，但到了現在看到很多人給的鼓勵與認同之後，心情真的開心很多，很高興可以跟大家分享這件事情☺️
349,但大家一起祝福采源跟櫻花🌸
350,Btw...臉好像越來越圓🤭
351,新河岸沿いの桜🌸
352,問過我媽這是什麼，她只說是俗稱菜料的東西.....我只知道裡面有車輪，不知道大塊的是什麼...😭
353,只有仙人掌是我能種活的植物🫣
354,我真的好心累喔😭
355,就在想說要用什麼名目再花錢😂😂😂
356,但今天就先安利溜溜寶貝😚
357,🏠台中市中區中山路20號
358,✏️選手1號：J/X的遮瑕盤
359,而且今天的大來賓也太幽默🤣
360,肌膚每天就好像在蒸氣室一樣🥲
361,不過又是想到我妹做的蠢事🤣
362,🥰最神奇的還有吃完之後
363,感謝B18糾正🤣
364,謝了過去的我，至今母單🥲🥲🥲
365,但這也是我最喜歡他的地方😍直接點出缺點才有更多進步的空間
366,もうちっと頑張ります💪
367,⚠️蟹肉醬的味道很假很瞎，麵包也太乾❌
368,不自律更可怕🥲
369,✨記得善用「主動引導」
370,會成反效果的🥺
371,👩：沒有欸
372,3➡️眼睫毛交界處陰影+臥蠶陰影
373,🎅北海道嫩煎干貝，干貝非常大顆非常新鮮!!這次的醬汁也是屬於甜甜的，干貝上面的菜是苦的所以一定要搭配干貝和醬汁一起吃不然真的很苦😅
374,決定去櫃上看看，然後就帶回家了😂
375,📌網址：https://docs.google.com/forms/d/e/1FAIpQLSdFsv_Rb6xi5_-beqKp0_wwojGH9IvUQ1o4XCKTlVJGf5IpoA/viewform?usp=sf_link
376,希望大家也能遇到屬於自己的天使sa😇
377,阿伯：這你兒子膩？！才幾歲就出來賺(😂)
378,可能更有動力😂
379,🈲️不接受放鳥、臨時取消。
380,我之前的朋友都忘記怎麼認識到變好的了🥺
381,👇IRENE是ReVe的理論
382,瑞穗蜜香紅茶：不喜歡茶味太重的朋友推薦點，帶有微微的蜂蜜香，很淡雅清新，喝起來很清爽👍
383,❤開板原因：
384,這邊現在去的年輕人真的好多啊🥤
385,12.草莓奶昔🍓
386,看完群山之島就好想去爬山🙃
387,🥩明太子雞肉串
388,我很滿意💞
389,👉文明特急
390,雖然我回覆的一點也不正經！但還是開心😆
391,這一次的開箱分享就到這邊了☺️🙏🏻，歡迎大家也可以在留言處分享你們情人節的戰利品或是收到的禮物😍！
392,ㄚ新買的年繡花鞋超可愛餒⋯⋯⋯🥺🥺🥺
393,這次真的不敢走到底了😭
394,🪖爸！媽！
395,經歷⚠️
396,我一直說不用幫忙，可以自己用💦
397,那個蛋汁淋下去美味升級300%🔥🔥
398,那我真的佩服你們😉
399,週末更有限量C&C特調飲品😙
400,看到大家玩得開心我們也開心~~😳
401,👻：「不知道。」
402,希望大家可以多多跟我互動🙇🏻‍♀️🙇🏻‍♀️
403,😗：......原來差別在這
404,不要再有生存類型的主題了啦🥲
405,絕美新年限定禮盒🎁神一般的奶油圓餅啊
406,偏偏本人一靠近這樣的女生就超容易緊張，心跳加快有時候臉還熱熱的😭
407,結合了肥大叔所推出的✨古早味肉燥✨
408,記得開聲音🤭🤭🤭
409,再來是☁️眼妝☁️
410,但個人還是最愛抹茶的口味啦！😍🍵
411,畢竟我真的從大學的時候就開始用綠茶籽精華了，當初就有個愛分享的個性，還叫身邊同學快去買，然後如果有去韓國工作，就幫朋友一起帶貨回來🤣
412,所以整個簽售的影片都是在轉達我想講的話🤣
413,后里泰安派出所櫻花，原本計劃要去看盛開的櫻花🌸都已經安排好，朋友告知因為天氣變熱所以櫻花開始慢慢沒有這麽茂密了，但還是不死心，還是想去看看，照片前兩張是在派出所旁看見的顏色為桃紅，後三張照片則是在旁邊老街內的某攤位阿北自己種的，顏色偏粉色～雖然不是在最茂密時候看，但還是很美的～今年還是有追到櫻花🌸
414,換我回到巴黎喝咖啡了吧！！！（威～😂）
415,我還在阿嬤覺得年紀還小🤷‍♀️
416,口感是從紮實到彈牙，沾醬汁非常搭😍
417,祂想給你的訊息是：「你很喜歡人家，對他很有興趣。你對他主動了，他卻沒有給出你預期會得到的回應，這樣你還覺得他對你釋出善意是因為對你有好感嗎？認真想想你心裡為何一直有這種奇怪的矛盾，相信你很快就會得出結論了。現在還不是適合發展的時機，所以你不用對他多好，以平常心看待他，維持正向的回應與互動就好了。九月的時候期待變化出現吧🥳」
418,滿滿充飽電的人🔋
419,✔️眉毛
420,然後繼續吃！（好餓的行程？😂）
421,現在信心滿滿欸🥺❤️！！
422,📷光圈圈💕
423,💛座位區超chill還能順便吃小火鍋
424,覺得有點煩🙄
425,真的不適合來這裡度假🏖
426,我分享給你們看🤣😌
427,👉畫重點：腫單的眼妝著重修飾下垂的ㄑ字，鋪上消腫色、眼尾收斂色、畫出假陰影跟假眼線
428,莫凡彼餐廳化身邱比特，為卡友製造約會機會💘
429,生日快樂😚💖
430,目前已胖10公斤🤡臉明顯變圓
431,是油水分離的！所以用之前要搖均勻🤣
432,或是又有多少可憐的同學志願卡被扣押或被竄改🤔
433,接著接著我們子Mi的132（好想看一次加定延的完整版😥），一開始那個掀頭紗真的太犯規
434,一直覺得你就像隔壁家的鄰家大哥哥，總是喜歡跟你玩🤣
435,‼️但是‼️
436,分享自己平常上學或外出的穿搭↖(^ω^)↗
437,#面對生活我們要見招拆招，日子很難但我們要發了瘋似的可可愛愛🌈
438,真的是徹底毀了我的三觀😵‍💫
439,▪️如有霧眉過的，目前若有顏色請(拍正面全臉近拍無濾鏡)，照片一張，評估是否可直接改色，若無法需加改眉費用
440,#哥吉拉派站出來🦖
441,在vlog裡面可以看到他們互相監督的樣子🤣
442,質地很像清爽的乳液，跟蘭蔻大眼冰珠相比有滋潤一些，櫃姐特別說有滋養增長睫毛的效果，給人一種安凍凍的眼神，抱著嘗試的心情就買了🤣
443,又是一個搭西裝背心的一套🤤
444,喜歡如此NG不做作的照片❤️
445,感覺裝滿會像重訓一樣😂😂😂
446,是很好的選擇🌈
447,想說一下我對現在全明星的一些感想全明星運動會到現在第三季，越來越多人討論，也越來越多人帶著自己的角度看節目，如果是三兩好友講講也就還好，如果是像偏激粉出征別人，我真的覺得很不健康，好像來了這個節目就要當聖人，要成為大家心中的樣子，沒有人是完人，錢姐小傑每個藝人都有自己的個性，光是他們願意在這個節目，推廣運動我就已經覺得很佩服了，運動真的可以把一個人真實的一面展現出來，可惜節目組很常把一些爭議畫面剪輯，其實職業的運動賽事，如果有跟裁判的爭議或是球員之間的火氣，都是播好播滿，還剪輯出來當宣傳呢😂讓我想到以前高中大隊接力在場邊大吼的樣子，班際籃球賽跟別班互打到彼此不順眼，錢姐說運動帶給我們的是什麼？勝的時候你怎麼可能不高興不驕傲，敗的時候你怎麼不會為了你流的汗水眼淚哭泣，最後給愛上全明星的粉絲說，如果你們真心為了節目好，發言前冷靜想看看，你是真的為節目進步給出建議，還是你只是為了罵而罵，共勉之！
448,台灣沒有美國那麼好吃耶😂
449,🥰祝大家。好運發發
450,高中後身高就是停留在了150cm😊
451,就準備停手了😂
452,❄️她就是沒辦法像仙草一樣跟哈巴狗去撒嬌但是她也很愛爸爸媽媽
453,大財團收購大公司實在無法想像😵
454,Vertuo咖啡機吧😉
455,版面上幾乎沒有看過我長頭髮吧！？🤣
456,👇（醬料盤中間）
457,元弼🐰在3月共開了五場個人演唱會
458,我再私訊跟你說相對的意義是什麼🤣
459,之後有可能會繼續在Dcard更新飲食的細節指南跟運動的指南～大家一起加油ㄅ～✨
460,🤣（超像什麼國中屁孩會做的事情
461,（娜娜笑得太好看了😭）
462,😀：嗯（默不吭聲
463,使用感受：👍👍👍👍👍（吸收快又沒有奇怪的味道）
464,初次個人迷你專輯《WINDY》開箱🍔
465,好高😱
466,請大家幫忙我回答了謝謝😭😭
467,我最擔心的也是攝影師會不會兇兇的或者怕我跟我先生如果擺不好會不好不耐煩等等，結果反而是搞笑一族啊🤣🤣
468,🧡修容+鼻影:
469,最後附上我最喜歡的羽生結弦❤️🤣
470,我還記得那時候有一張合照可惜找不到了😩
471,給了我大大的驚喜❣
472,我這次先來處理髖骨周圍痠痛問題，聊天過程中得知，Penny以前也跑馬拉松耶！所以完全能理解我的不適感！經過她的巧手「分析」，的確是周邊肌肉太過緊繃，將肌肉放鬆之後，真的舒服很多！下次再來放鬆其他部位吧！（我到底是有多緊繃🤣）
473,還有一年紀洋菓子科的班級10¥販賣💕
474,▪︎王陽明
475,我高二的時候跟🏀說：我們班有個男生想追我（三根毛）
476,❄️做臉完
477,自然而然的接受，一樣能笑著喜歡著原本的自己😁
478,：完全沒有🙃
479,🐯「包袱」的由來
480,📖「不經一番寒徹骨，焉得梅花撲鼻香。」
481,❌沒等它解凍就烤的那種！味道也不好⋯完全失望
482,薇娟今日公開音源🎵
483,👉「國家人力資源論壇」及「修法草案」容易出成考題，將裡面的概念加入答題也可能有加分效果。
484,遊戲頻道的橫幅來惹~~~是懸空的Ru醬與皮皮✨
485,不適合做他送的部分（我實在想不起來叫什麼😅
486,家人、朋友都永遠在身邊♥️
487,太甜啦❤️❤️❤️❤️
488,這個是贈品，正貨黑鑽眼霜要一萬多呢，之後財富自由再來考慮了😂
489,📍旅遊資訊📍
490,🔸持久⇾薄擦▮⚂〡厚擦▮⚁☐
491,麻糬皮非常薄，紅豆餡也不會太多甜度剛好，草莓超大顆咬下去酸甜多汁🍓搭配在一起很好吃🤤
492,小寶貝賞櫻🌸表現良好
493,👉想看更多作品可到蝦皮逛逛
494,趁現在人氣還不高快點入坑讓她記住你吧☺️
495,今天就來跟大家分享平時的保養，不過這些產品幾乎都出現在我先前的文章，只有一兩樣是新的🤣
496,（啥水藍色裙子呀，笑死😆，真懷疑我審美觀）
497,熱💙
498,🐱：來！麻，這個給妳吃(*´꒳`*)
499,有媲美專櫃保養品的感覺👍
500,🔸秀珍菇
501,🔺需配合追蹤按讚ig、粉專並『
502,雨中怪人⛈
503,昨日份的開心part1🥳
504,#新年快樂🍾️
505,👓配件
506,夏莉放風走到南山塔終於把手機拿出來看，聽到泰武的留言後，打回給泰武，兩個人終於相見，泰武擔心到受不了了，說以後不要離開我的視線🤣
507,▫️1997年2月28日出生，雙魚座
508,環境：🌕🌕🌕🌕🌕
509,真的超有Fu！⛺⛺⛺
510,肥胖有停止過嗎☝🏼
511,老師範技時做的⬇️
512,年終獎金😍😍😍😍
513,🦋歌詞很讚吧甜甜的
514,祝福你們明年也能順利的完成畢展🔥🔥
515,🇯🇵龍蝦味噌湯
516,以下開放+1報名💕
517,從沒想過會把萬年髮型換掉🥲
518,📌梳好夾好後先刷睫毛打底膏，等乾之後再梳一次，梳好後刷正常的睫毛膏，等乾之後再梳一次
519,廢話不多說，以下開始回憶😇
520,♥️金瓜米粉🎃
521,因為超讚朋朋幫求票去成ㄌ❤️
522,這件新品外套太好看但價格不好看💩💩
523,我就想問問已婚的各位，你們的老公是因為你這個人跟你結婚，還是因為你是護理師才跟你結婚的？🤷
524,算了！🤯🤯
525,第3️⃣招：用造型乳固定捲度
526,今天大叔和大家分享一道超簡單的創意料理👨‍🍳
527,小孩🚦&
528,這要叫我不要想多也很難餒我就真的沒空咩🥲🥲
529,🔹米酒🔹糖
530,🌟地瓜乳酪酥
531,大家可以去看看❤️
532,畢竟每次口的時候不小心吃的真的很尷尬😭
533,（但我要負責付錢，我好窮…🥲🥲
534,第二個是我前陣子推薦的軟膜❗️（可以點連結去看）
535,就是📍我妹的房間啦👭🏻
536,這首Dr.Jolin來邊跳邊換裝😂
537,是嫌棄我之前太粗糙？？！！😅
538,接著我妹👧就在旁邊一直高歌
539,を見る事もできました😊✨
540,第一次發文希望大家不要鞭太大力🥺
541,▶️培根蘆筍貝果&蝦仁菌菇貝果
542,短髮貓耳朵🐱
543,親愛的媽咪☺️
544,真的👍
545,⏰營業時間：三至五11:00-16:00
546,據說是一家雞湯很厲害的拉麵！連平日晚上都等了1個半小時😂
547,不過他看起來很像被鴨扁扁的鴨鴨🦆
548,召喚💫無極限光澤水粉底
549,腰身本身就做的超美🫶🏻
550,（我包色了！但目前只開了棕色😚）
551,之後是☁️鼻影☁️的部分
552,🪵：反正就這樣啦
553,真的是都辛苦了🥲
554,立馬抱回家🥰
555,🔸肉絲
556,3️⃣大腸包小腸🔥
557,📍五、各科讀書方法
558,基本上就是站在浴缸裡洗澡🛁
559,一想到明天開學壓力就很大，課表滿堂看到就心累，更不想面對那些虛偽的朋友，人前說一套背後做一套的。其實也有想過要換朋友，但是還有很多分組報告跟她們一組，不想把氣氛搞得太尷尬😭
560,首先稱讚一下，帕瑪森起司麵包沾龍蝦沙拉很美味，櫻花蝦炒飯也是粒粒分明~這兩樣餐點真的好吃又佛心，可以一直續🤤
561,期待大家分享你的新年彩妝💖💖💖
562,果斷決定不要理他，把他晾在一旁，結果沒五分鐘，他就自己爬上我的床來找我了🤣
563,還有好多工作夥伴也更新動態祝福我們🐰ಥ_ಥ
564,先說一下，本人素顏沒有到很糟，但完全跟牛奶肌沾不上邊🥲
565,👩‍🏫評分：甲上上
566,油肌，但是我第一次用就覺得好乾澀緊繃啊～～就給了我哥，嘻嘻…但他用起來是覺得還好啦，沒問題👌🏻
567,但是，正當我以為故事結束的時候，他說差不多兩個月後，又有新的女朋友回來了，他說這次他爸媽有阻止過，一開始只是晚上回家吃宵夜然後就載女生回去，到後來又變成慢慢住下來的輪迴了，直到我朋友考到大學跑出去外面住以後，這場鬧劇才慢慢結尾。我朋友租到第一間房子的時候還小小的感嘆了一下，終於有自己的房間跟床了，聽到這句話我還真的快要流下眼淚了🥲。
568,🔸地點：@divination_studio
569,角抵著…根本親不到😡
570,（不知道為什麼畫質會這樣🥲）
571,鵝子好像又長高了😳
572,來自心碎了又一片一片黏回去的孕媽咪😢
573,🐺葉舒華到底是誰？
574,但現在回想起來，真心覺得貴鬆鬆的拍了三次婚紗完全不後悔，尤其是跟多多的🐾雖然這些相本已不知道放哪堆灰塵，但偶爾看到還是覺得多多真可愛+當年氣色真好～（擺錯重點
575,看起來好帥🤩
576,📍官咖：Daum
577,🔹品名：泰式西拉差炸雞（500g)/價錢：399
578,穩膚度🌕🌕🌕🌗🌑
579,他每天晚上都會跟我掛睡，除非同事打給他不然他不會掛電話🙂騎車的時候，會把我的手放進他的外套裡👀知道我去找他一定手機會沒電，所以他都會準備行動充讓我充電🤣🤣
580,兩次籃球🏀
581,🪵：這是我大姐女友，她叫😸，24歲，她的職業是XXX
582,大小一樣約50cm！超級大....🤩🤩🤩
583,🖌在美食板上，將可以看到含有商品標籤的文章，希望讓卡友們更容易找評價、找好物商品！
584,學長：只有想親我而已喔🤫
585,好的這餐吃完決定明天只吃晚餐😅
586,好奇回歸前有什麼物料的輕按前情提要👆👆👆
587,直接心血來潮就做了這些捂欸某欸🤣
588,冰柱們：嗨👋🏻
589,直接原地氣炸🤬）
590,手機🙅‍♂️
591,清爽度🌕🌕🌕🌕🌑
592,⚽足球
593,先當個追風少女吧🤣
594,完美的光澤🤩❤️
595,結果就被我自己歪成這樣了😅
596,（不能在報高中組了🥲）
597,溫柔系，跟男友約會N0.1妝容❤️
598,照片大塞車🚗
599,真是特別好看🥹
600,吃不下給旁邊的人吃就對了哈哈哈🤣
601,並且結合了獨家的乳酸菌技術，幫助肌膚由內而外的充滿彈力🥰
602,本來就應該要女友先、女友這樣那樣😵‍💫
603,說是會補寄新的一盤🥳
604,因為這罐已經用完丟掉了～請容我放上商品照吧🤣🤣
605,🔺客製化眉型，會依個人條件設計適合的眉型，雙方溝通確認後無異議才會進行操作。
606,這雙看我穿到這麼髒就知道我多常穿了吧😍
607,#新歌黑夜中相擁也要聽起來🧡
608,跟我說「那個廁所洗乾淨了，你們可以用😄」，我整個尬笑，直接不用裝了欸ʕ
609,因為我是一個超級粉紅控，所以當時沒有太多的猶豫就直接買了這個粉色！不過淺色的包包真的超難照顧的🥲
610,💔各大音源平臺連結
611,止住了她原本熊熊的怒火🔥😅
612,表情管理舞蹈動作都進步好多😭
613,你們覺得意外嗎🤪
614,#倒數一個月👩🏻‍🍳
615,竟然投超遠😆
616,🪵：就那個啊～
617,哈嘍～～🌸
618,💡會卸妝派
619,我一定是在彩妝那區待超久😆每個都想試色！
620,哼哼這麼潮的龍珠T，怎麼可能少了龍珠女孩RuRu呢😎
621,📝味道非常香，就是像一般的乳液一樣，擦上這瓶後再噴miss
622,然後百褶裙的褶子超美～～黑白兩色都有收😌
623,Vegas官方空拍⬇️
624,如果沒有踩線感覺可以進大會紀錄🤔
625,一直以來看卡友們分享自己從小到大的女大十八變都覺得好羨慕😞
626,但還是很喜歡這支舞🖤
627,事件8️⃣
628,授袍🥼
629,像我是輪班制日夜常常顛倒🙃️
630,🥟➡️紅心皇后
631,最原始的大痘痘河邊日記🎨☄️👼🏻
632,拿出來用的次數不超過10次吧🤭
633,我🙍‍♀️：額，所以你現在的意思是說，如果我不換工作，我們也不用繼續下去了是嗎？
634,▫️免沖洗
635,到老都要幫你過生日🎂💖
636,最近看到版上很多人看了《出差15夜-YG篇》🚗
637,🔥立馬買起來：https://logi618gaming.logitech.tw/
638,"本研究欲想瞭解青年已婚族群在面對事業起步同時又跨入婚姻的個人幸福感之狀況,👉若您[目前年齡為30至39歲已婚者,且擁有職場身分]👈,麻煩您撥出寶貴時間填寫問卷,填答時間約3-5分鐘~本問卷採不記名方式,不會留下您的任何資料,請您安心填寫。"
639,#拉麵🍜
640,🔸catrice：保濕效果介於tcfs跟kose之間，瓶子小方便攜帶
641,好可惜延賽了🥲
642,對方講話沒禮貌，讓她就是不喜歡對方整個人😐
643,#微甜四季春💰20｜評分8.0
644,桌球實力再繼續進化下去寫一首叫《Pingpong》的歌我也不意外了😂
645,▪️需追蹤ig並且公開拍照發文標記，回傳追蹤留色狀況
646,裡面包含了全宇宙吧🥰
647,開拍啦📷
648,和女神的合照☺️
649,不久後weverse顯示我的貼文燃燒起來ㄌ！🔥
650,收納盒快要爆炸☄瘋掉
651,應該還是會送朋友🤔️
652,可以修飾屁屁＆大腿根部讓比例更好看🌶
653,維基說她出過很多美食方面的書😋
654,不然就會變紫色的猴子屁屁🤣
655,要把我們的霸總給送走了😭
656,🪵：我喜歡妳
657,真的有點煩心呢🥺
658,健康平安幸福👩‍❤️‍👨願願望都實現
659,美味度：🌕🌕🌕🌕🌘
660,穿了兩件雙層裙：）冬天直接疊穿爆🤩
661,但我一時想不起來名字🤣
662,瞬間心情大好直接買了二瓶精華（還是其實是讓我掏錢的話術🤣🤣🤣
663,謝謝📹
664,手機被雨淋到秀逗💥
665,夫夫日常👬
666,對於正在吃醋的同事姐姐來說，還是要說點好聽話來討同事姐姐的歡心嘛🥰
667,謝謝各位🙏
668,就是受邀來參加我人生第一場「高訂秀」😍✨
669,想請問有人能分享標題這兩個的宅配出貨速度嗎！🥺🥺
670,這兩款我真的是猶豫好久好久😅
671,"復出第一登,步步為營😅"
672,看來是挺喜歡的喔哈哈哈哈😍
673,就很喜歡啊☺️
674,⚠️贈品團還是一樣會舉辦哦😎
675,今天久違的早起到麥當勞🍴依舊點了份鬆餅組合
676,她對我和我哥都很好，常買東西削水果給我們🥰
677,文後來分享一下我家觀老爺讓人生氣的對話😡
678,✔️手工提拉米蘇
679,結果填完後過幾分鐘才入座🥲
680,變成6800一晚（但是他跟大家算8000➗6）
681,豪哥帶饅頭去了一個非常大的公園，但人真的很多還是平日來比較好，難得拍三人合照，也剛好一起穿了牛仔系列，他就擺個厭世臉😂
682,👵：好～
683,那從今以後我們都會是了👭🏻❣️
684,川越氷川神社⛩
685,大家可以自己斟酌看看🤓
686,（笑屁🙄）
687,能吃就好的概念🤣❤️
688,甚至連一張合照都沒有呢😻
689,一中街很夯的白糖粿，今年好像漲了5塊😂
690,不要吵架🥲從學校2015到現在展現更成熟的風貌
691,回購率：🌕🌕🌕🌕
692,簡簡單單就炒出不同凡響的美味😋😋
693,我真的一直都無法理解為什麼制服要繡名字欸，有人能告訴我嗎🤷‍♀️
694,👧🏻#盼吃台北🇹🇼
695,而且很像noze會塗的顏色💟
696,有人有知道哪家小芋圓很讚也可以留言跟偶說🤣
697,🔸😨爆痘
698,久久沒有發文😭😭😭
699,（路過🌸）
700,感謝大家🙏
701,真的覺得好迷茫....😔
702,尤其是生完二寶之後我幾乎11點就睡了🤣
703,🙋‍♂️「我想推薦某個景點周圍的美食，可直接貼食記嗎？」
704,雖然也有在看其他類型的劇，但是這種戀愛劇可以打發時間、又可以填滿我空虛的心靈😌
705,這我認不出來是誰😅
706,然後就來到這間法式鄉村餐酒館了🥰
707,分享給各位❤️
708,48》女子選秀節目，最終以第一名的成績出道成為限定團體IZ*ONE成員之一，團體解散後便在2021年以女團IVE活動至今，目前在音樂銀行擔任主持人🎤
709,平常人稱吸光體的我🫡
710,🇯🇵鐵板芋頭銅鑼燒
711,我黑人問號：？？？🙂？？？瀏覽器？
712,👇演唱會海報
713,照片不夠可愛佑庭來湊🙏🏻🤣
714,🌟香蕉燕麥千張捲
715,飽足感：🌕🌕🌕🌕🌖
716,後來的司先生發酵更是超出我的預期的快，進烤箱的時候都逼近全滿了，考慮一陣後還是決定蓋起蓋子，避免長到天靈蓋的慘劇發生💦
717,💁🏻‍♀️：妳不是說在學校不要牽手嗎？
718,但是背面還是很喜歡，感覺可以穿去海邊做日光浴，曬痕應該很棒☺️
719,幸福也不過如此吧🥰（不過也可能是我加了太多菜才感覺不到油膩感
720,覺得她的減肥便當看起來好好吃🤤
721,➡️根據美國《FOIA
722,但是聽說韓國的捧花通常都會安排給近期有打算要結婚的人接，相信二人是真的有要結婚的計畫吧😍
723,這次我買小號的尺寸，因為在黃金海岸沒有Loewe的實體店，所以只能看著官網上寫的尺寸自己拿皮尺比比看，加上因為我身高不高所以如果選了大一點的尺寸我有可能看起來更矮🥲
724,我們一見面就先把他的禮物🎁給他。
725,一次兩本主題讓你雙重享受🤭
726,欸不是，我媽的雷點真的很奇怪，我個人是覺得沒有必要因為一鍋湯圓就吵架吧？冷戰一整天了欸，而且我覺得她應該為了那時候看到湯圓就對我生氣而道歉，結果她覺得跟我道歉很荒謬？為了一鍋湯圓吵架講出去真的會笑死人欸🤦‍♀️
727,非常感謝幫助我的人🙌🙌🙌
728,好喜歡💕
729,🔹矯正中期-大量後退牙齒
730,🔺舉例說明：2022/2/15的VLIVE直播！
731,事件7️⃣
732,With剛剪了頭毛帥帥的Lucky🖤
733,就只對它感到興趣😍
734,跟大家分享一下，昨天看到快笑死😂
735,·套用老話：「如果自己不勇敢，誰替你堅強？💪」
736,手冷得抖個不停❄️
737,💁🏻‍♀️：什麼沒辦法？
738,☑️晚餐不吃
739,📍她也是Queendom的女巫，擁有魔法，可以變成一隻眼睛異色的白貓。
740,睡著的時候好像天使🥹🥹
741,最後這邊祝大家新年快樂🎉
742,他一臉⬇️說懷孕了❤
743,真的是很該剁手啊我😣
744,看到這麼澎湃直接果斷換保養品🤣
745,同事姐姐叫蟲看著她的眼睛再說一次，蟲就說她忘記剛剛是說什麼了，不然就是說什麼喉嚨痛、口乾舌燥無法說話，問題一堆🙄🙄
746,#想要買📦
747,有讓我雀躍期待的放閃文😎😎😎
748,快來拍照吧🏃‍♀️📷
749,這次買了8千多～送了這些東西😊美麥美麥
750,全部都是原相機喔！！🦦
751,值得衝😍
752,這套的色系剛好有呼應到背景🌲
753,我男友是一個大方、溫柔、脾氣超好的大男人，除了喜歡買禮物給我以外，也常常幫忙做家事，真的是天菜，可遇不可求😍
754,🕓營業時間：11：00～21：00
755,超級下飯、營養滿分！💯
756,完全不輸專櫃💕
757,✨和平豆花
758,😈：我不可能給你加班費。我都讓你這幾天放假了，你還跟我要加班費？
759,快樂🥱❤️
760,禮貌又不失尷尬的微笑🤣🤣
761,試過一次接下來每天都離不開了🥰
762,🖤仁俊
763,除了搭配深色直筒褲，也可以搭配淺色落地牛仔褲會很隨性好看～👖
764,🈴️仔細閱讀規格後跟原本山茶花系列的差異
765,📌HUR腹肌很明顯👍有時眼睛不自覺就飄到肚子上了🤣
766,不過如果要選的話果然還是推檸檬塔喔💕
767,三件只要$799！🤩
768,🤦🏼‍♀️：呃⋯可是你們機器從早上四點就開始運轉了欸，敲肉也是六、七點就開始囉！
769,今天準備的主題是：三個月內感情走向？🌸
770,我呢？上完課直接回家🥲身邊的人都超級懶惰……不然就是約我
771,真的比另一半還貼心🫶🥰
772,🎨一人一套拋棄式耗材針具
773,#豬豬王國🐷🐮🦉
774,🏀：受是被那個的那個，妳要當攻嘿
775,別說陽剛女生跟男生有什麼兩樣，對我來說陽剛女生氣質、談吐等等，跟對真正生理男感受截然不同啊🥲（當然還有生理構造上差異）
776,還會推歌給他聽🥰🥰🥰
777,🌟環境部分就是宴會廳零散的樣子，也挺懷念
778,如果有興趣的朋友們就繼續往下👀
779,實在是女孩們一大福音🥹
780,🛹滑板
781,就是使魔大人和被世人誤會的魔女甜甜的日常🍬
782,我自己覺得算是cp比較高的單品🌼
783,哈哈哈我真的私下很懶的打扮咩🥺
784,遇到折扣一定又會買爆🤣
785,🌿Excel眼影
786,剛剛在看社內相親最新一集，第九集真的超級好笑，幾乎從頭笑到尾，我好多次都不小心超大聲笑出來（我室友：阿你怎麼對著螢幕笑得像智障？）而且放瀏海的始祖鳥也太帥了吧😵‍💫
787,3️⃣Out-spoken勇於出聲
788,療癒的合照💐
789,⚠️價格調整史
790,選擇三號牌組的朋友，你的桃花會到九月才有機會綻放唷～🌸月老爺爺認為現在還不是讓你們遇到彼此或者適合發展的時機，你可能已經認識他了，卻一直有種覺得停滯不前，難以發展的感覺。原因可能是對方目前更在意另一個人，心裡還住著別人，沒有空位了，無法讓你進到他的心裡去。你的心裡肯定覺得特別矛盾，天人交戰。那是因為真的還不是時候，月老爺爺已經透過你的直覺給你很多提示了唷～你該聽進去了，不要再忽略祂的忠告。
791,滿滿一碗湯圓只要35元真的超佛！而且湯圓都很軟Q但紅豆湯有點偏甜，如果有來羅東夜市可以來吃吃看cp值很高👍🏻
792,上唇之後甜妹感十足✨嬌嬌軟軟的萌妹子，超減齡！會模糊掉銳氣感，整體五官會呈現一種鈍感，比較柔和一點，無害、好親近的感覺
793,不知道大家有沒有看過“工作細胞”😆
794,所以一樣沒有夏天的心得🥲
795,體脂從48.3%降到26.8%囉🎊🎊
796,翔傑妤庭下次再一起跑🏃🏻‍♀️🏃‍♂️🏃
797,小資女用開架眼影的第一次眼妝分享😂
798,（（我故意開玩笑的🤣
799,這款也有像搗灰😆
800,請接受這些美麗的燦笑😂🫰🏾
801,還跟我說東西不要再買了很多了🤣
802,大家好～Yuna為大家帶來新的大眾占卜🔮
803,於是！我又搜集了一些芮妮的日常，想說來跟大家分享～也想看看大家的寶貝到底可以多可愛☺️
804,槓，太直接了吧，現在還是早上，而且旁邊就是一堆大小朋友、學生以及家長會經過的地方，他們直接這樣？！😀😀😀😀😀
805,4.想在鼻子上溜滑梯的帥哥😍
806,⚠️同個味道在不同產品略有些許不同，建議到櫃上試聞⚠️
807,但黑色纖維很像比棕色多一點，可能是心理作用🤔
808,這套是某次活動穿的，但沒有時間紀錄就拿照片來用一下🤣🤣
809,直接上圖給大家看🙌🏻這些通通都是贈品😍
810,真的送的很扯欸🥰🥰🥰
811,🏷排骨酥湯$50
812,☑️領取小物時務必配戴好口罩！
813,而我放假（撒花🌺
814,原本霜淇淋的甜被茶粉尾韻的苦中和掉！愛了❤️
815,「因為我準備好了母親節的禮物跟卡片，但是還不能給妳看」❤️
816,月（沒多久前！）朴炯植演的《Happiness》完結之後，崔宇植也到他的貼文底下，用劇裡面的經典台詞跟朴炯植說辛苦了，然後朴炯植也用《那年我們的夏天》中的台詞回覆！🤩（好酷⋯
817,歷史總是驚人的相似😂😂
818,整體而言，在外面拿這支出來補妝還是蠻有面子的啦🤣
819,還有抽獎活動等你拿⬇️⬇️⬇️
820,（為了小女子的個人隱私🥺
821,🛸［旅館應援17分部］
822,（🏀先生你這樣說男性同胞真的好嗎？）
823,護唇膏超級滑順最近一直擦☺️
824,要🐶種我三個草莓之類的
825,🏃🏻跨運動體驗店
826,📝只能說感謝讓我找到一間可以一餐一篇的店家!!!
827,好像有點看不懂擔心這個詞了…😵‍💫😵‍💫
828,肌膚瑕疵救星🌟加碼蓋樓體驗機會💖
829,謝謝恩妮的降臨💕
830,欲しがりません勝つまでは…🙋🏻‍♂️
831,說來慚愧現在才在重視🫣
832,禮拜一休假打球來慶祝嫁給台新六週年是必須的吧🤪
833,🤎眼/眉
834,🏆締造台灣男子健美歷史紀錄
835,路過的路人都以為我們是照相館📷
836,🪵：這我二姐（這死小孩會不會把我介紹的太簡短了？
837,對方有體貼的行動，每一次我都會不厭其煩地表達感謝之情，視情況放送浮誇的讚美😂。
838,⚠️趕時間就沒有單獨手刷⚠️
839,満腹ですが次は、ラーメン😄
840,紅藍兩隊加油💪🏻
841,拜託大家幫我解答一下🥺
842,友人在外等廁所🤣
843,✨金澤魯肉飯
844,善意。我也只是在做我自己🤙🏻
845,或是微調輪廓讓臉的感覺做點變化👏🏻
846,❷拔除三顆智齒：X光片中我只有長三顆，但偏偏三顆中有兩顆就是智障水平齒🙃
847,情人節與神隊友的踩點之旅🙆🏻‍♂️
848,参加家長會😊
849,🍦雙倍oreo冰炫風
850,拍照睜眼不能超過3秒😆
851,好奇有人也會跟另一半共用牙刷嗎😶？
852,忙碌散場的紅隊❤️
853,迷途羔羊🙃
854,太扯了啦！怎麼可以這麼大啦😍
855,新手小白還在努力當中🥺🤍
856,今天8:2獲勝🎉🎉🎉
857,真的完全懶到底，帳裡應應俱全🧺
858,有沒有人跟我一樣😓😓
859,有段日子真的非常沒有自信🥲
860,#我的童年從二年級就沒了🤣
861,這個包包就是背可愛😆不追求有多能裝
862,想起來還是幼稚園比較好混😿
863,🖤辰樂
864,不過買了兩年的相機操作還超不熟是我的錯😅
865,照片可以放了🫠
866,買的時候說是最後一件🥲
867,（手機截圖而且都沒修圖，請鞭小力點🙈）
868,每一口都好香～越嚼越香😋
869,👉若發現自己的社群帳號違反本人意願被公開，可以申請下架文章或留言
870,所以立刻認出了左邊那位是蘇媽媽的小男友張軒睿☺
871,分享一些Capri日常照😚
872,在這邊也祝大家新年快樂哦🥰
873,切面也是漂漂亮亮的✨
874,希望今年能夠順順利利的過去🙏
875,羊皮包包真的是超香，每次背之前都會先拿起來聞超久🥴🥴只是淺色羊皮真的很難照顧，當時背沒多久就開始黑黑的，而且還要怕會被刮傷…
876,💕Heme便宜顏色又多，除了當腮紅以外
877,現在先乖乖安胎🥰
878,哈哈哈哈😂
879,要到0瑕疵美背應該還要再抗戰一下🥲
880,希望他未來可以跟我們的柴柴處的很好🥰
881,📍3.口服a酸多久見效
882,秉持✨有福同享✨加上他都很偷懶
883,▪︎賈靜雯
884,有問題留言告訴我🌝
885,終於逮到休息日可以拍試色了，好感動🥲
886,🏠台中市中區台灣大道一段381號第二市場內
887,任何票務問題請洽「cc@hookuniverse.com.tw」會有小幫手幫忙處理，請大家耐心等候🎋
888,他們真的太好笑了😂😂😂
889,善待自己，把生活的每個細節都變得精緻💫
890,✨曬好物文章標記功能✨
891,這趟真的很爽、有成就感😆
892,▶️起司辣炒年糕
893,噴霧還有蓋子不怕會壓到～❤️❤️❤️意外跟到這波體驗組沒有買過mac，之後可以來試看看
894,🐛：我這樣會不會很壞啊？
895,👉🏻可再加購化妝（有+500/+2000的選項）
896,百因必有果，你的報應就是我😜
897,但是好像編輯完也沒有比較好的感覺🤣
898,（我相信冬天大家都是2天才換一件內衣吧..還是說只有我😅）
899,以前交男朋友都覺得對方的手不夠大牽起來都ㄎㄟˊㄎㄟˊ的直到遇到這位19公分，那種完美的貼合度光牽手就有點興奮😳
900,（本來一直以為種草莓是不是要吸很大力會痛😂）
901,#跪求美白達人救救我🙏🏻
902,有些流程順序詳細細節（我真的沒有記這麼清楚😅
903,但我只用過幾次而已，可能之後用長期再來分享心得🥰
904,讓你晚餐忍不住一碗接一碗💯
905,我是內袋魔人超討厭一堆女裝沒內袋就算了連一般的口袋都沒有🙄
906,這個特效搞的我們很像很專業😂
907,新鮮到貨的立牌😍
908,🔹裙子：📌UQ女裝
909,活成自己喜歡的樣子💙
910,吐司我覺得看個人啦，只是我喜歡配著吃，把一些菜跟肉酪梨疊上去😋剩下就當沙拉吃掉。
911,首先我們需要的工具有🧚🏻‍♀️
912,推薦給有養貓的朋友們參考😊
913,應該很多人跟我一樣超喜歡mayfit吧🥰
914,搭配兩個配菜，分別是沙拉和菇類，菇類的配菜使用了非常多的蒜頭但不嗆辣。還有四款不同的鹽。牛排本身就非常好吃，肉汁飽滿非常好咬。可以選擇三分熟或是五分熟，當天選擇五分熟，主廚把牛排料理得非常出色，五分熟但完全沒有血水也非常好切，入口時滿嘴肉汁和牛排香🤤🤤
915,3️⃣請問新北市政府，對於碧潭風景區河中遊玩娛樂規劃限制？現場有踩天鵝船的、玩SUP的、搭船過河的、岸邊釣魚的，通通混在一起。
916,我自己吃口服a酸是在大約吃了32顆藥💊，2個月半左右才覺得有蠻大改善的，每個人嚴重的程度或作息、飲食可能有效時間有點不大一樣，但一般來說約莫吃個3個月🔅就會看到有明顯的改善。
917,😶：我可以問你個事嗎？
918,弄得好像我劫後餘生一樣🤪
919,🪧咖哩醬蠻好吃的但醬給的有點少，我覺得起司絲有點多餘，雞肉是好吃的，整體還不錯。
920,習慣用酸類之後，對於其他含有酸類的產品都覺得不夠力🤣
921,#新竹景點📍
922,擦起來氣色真的是棒極了🥹
923,應該有稍微像貓眼吧👀
924,繼續可愛👻👻
925,正文開始😆
926,絕對沒有今天吃什麼的困擾🤣
927,我每次看他重要晉級賽都會輸！😭
928,本來想去踏青結果下雨🥲🌧
929,但比較可惜的是需要比較勤勞補擦😣
930,🧡刷具們
931,歡迎各年級踴躍報名🔥🔥
932,還是沒救了⋯？😭😭
933,有關於優惠的部分有大大B16幫忙講解了🙏🏻
934,（爸爸愛配音🤣）
935,順帶表示，過年無聊可以看看開端，沒到頂尖或經典好看，但也還算不錯👌！
936,孩子哭鬧很正常，但如果小孩醒著的時候，突然不哭不鬧就要特別注意了，昨天晚上萌弟原本在床上哭鬧，就在我準備要起身去把他抱起來哄的時候，萌弟突然安靜下來，而且還時不時還發出笑聲，這是身為媽媽的我馬上警覺不對勁，下意識轉頭看了一下萌弟，沒想到萌弟看著一個地方一直在摸，然後時不時還發出笑聲，因為時間已經接近深夜，老媽我突然背脊發涼，然後順著往萌弟看的眼神方向一看….突然看到一張臉‼️
937,香濃滑順的拿鐵☕️
938,因為達哥說好看🤧
939,佐低脂花生醬🥜
940,還是那個姐姐心態有問題🤨
941,最佳男主角👦😏😎
942,🔹海山醬
943,不過我們也不知道我妹對她來說是有什麼獨特的魅力😅
944,舵英里老師的作品都超推✨
945,大家都會瞪大眼睛的看著我🫣
946,超經典的台灣好味滷肉燥✨
947,這次收到狄卡小肉丸邀請，想和大家分享在2021年，我是如何透過youtube上的影片，慢慢進步、一步一步往自己理想的體態前進🥰
948,有時候也會配蛋白質美式咖啡☕️～⬇️
949,"🎁蓋樓留言滿1,000樓再加碼"
950,利用上胸彈性織帶與撞色肩帶完美的將副乳與上胸拉提包覆🤗
951,並拍下他們看到告白最真實的反應🔍
952,要找她的話不外乎就是學校、家裡、圖書館、健身房…沒了😌
953,我：…..兩分鐘（🐶：屁啦）最長30分鐘（全部：真假）
954,🔺神等級的手藝
955,我自己用是都沒有顯乾紋啦～也比唇釉不乾🥰
956,哈囉大家好，這是首po沒有什麼經驗，斷句分行如果不流暢還請多多包涵🙏
957,✏️竹籤or棉花棒
958,🌹中調
959,我只能說我太晚帶它回家了🤣🤣🤣
960,養身又補氣😋
961,🈲️眉中有痘、懷孕、高血壓、糖尿病、心臟病、蟹足腫、血液傳播疾病等
962,存錢的管道先是美金5000跟台幣3000定存，還為了找利率高的銀行比了很多，最後開了王道跟Richart，那陣子都可以去銀行當客服了😂
963,這樣的保養是不是太多了？😂
964,真的是很拍謝捏🫠
965,1/23還敢分享直播🙄️
966,萌弟：我好看嗎🥰🥰
967,希望女孩們未來能夠一直走花路吧～～～🥰❤️🌼❤️
968,小朋友：我談個戀愛到底要打多少臉🥺🥺🥺
969,會不定期更新好吃的甜點/鹹食😋
970,然後用黃色那一面反出來的假黃昏光🤣
971,沒想到這款完全是我的蜜糖！🥰
972,有1/2小巨蛋籃球表演賽播出時間🎉
973,關於媽媽為何說話那麼難聽，甚至有人說很沒文化，請問被公婆那兩個才真的沒水準沒文化的人逼到這樣，還能講出有文化的話，那你們都太聖人了🙂
974,因為公園內不只這裡好拍😏​
975,♥️滷肉+油菜(?
976,LOOK５奶油巧克力來了✨
977,➡️印象中是大部分人首推的貴婦霜/修護霜
978,保濕修護到極致！不過你如果不是沙漠肌請問效仿，你一定爆痘😂
979,玫瑰3.5果香4.5花香4❤
980,我還以為是保鑣🤣🤣🤣
981,➡️不論什麼飲料都無糖
982,👩‍🏫評分：優等
983,對！還可以厚敷🤣用途也是很廣
984,這次過程真的也是發生挺多有趣的事😂
985,吃東西的過程根本超不真實😂旁邊就是偶像的家人們是要我怎樣😵‍💫😵‍💫😵‍💫
986,➕送2支氣泡香檳🍾️
987,在34+3的夜晚還跟先生去先生朋友家聊天，回家睡覺到一半，凌晨突然感覺內褲有水感，有點黏稠又帶點水水的，但因為平時就會有點分泌物加上後期有時候會因為雙寶壓迫到而漏尿所以不以為意，以為是漏尿而已！就爬起來去廁所上一下小號順便換件內褲～之後又爬回床上準備睡覺，但突然感覺到想拉💩的那種肚子痛，就又跑去廁所準備拉💩（因平常有時候到了清晨都會爬起來💩所以也就沒有去多想）拉💩拉到一半突然感覺情況不妙！因為陰道口有著像第一胎要生寶寶時一樣的感覺！寶寶的頭已經抵在陰道口了！！！！我立馬大喊把先生叫醒，說我要生了！寶寶想出來了！頭已經在我的陰道口處了！！！（說的同時我不忘擦一下剛剛拉💩完的屁股😂）
988,⏭官網消費活動代碼輸入
989,不然我現在一定會很後悔很後悔🥺
990,“上面兩塊好像比較好靠😽”
991,才敢在網路上跳出來為民服務🤣
992,#是元的桃不是圓的桃😈
993,乾脆我自己擦臉的時候，順便一起幫他擦，至少有人幫就不懶了吧🤔
994,今年的我決定未來都要把每一天都過得開心愉快🤩
995,沒有之一😍😍
996,很容易在沒有乾的情況下染到眼皮上💦
997,一直很想要的格子西外終於入手😌很保暖！
998,還問「好吃嘛？」😍
