emoji,en,clean_en,zh-TW
ğŸ¥‡,:1st_place_medal:,1st place medal,ç¬¬ä¸€åçç‰Œ
ğŸ¥ˆ,:2nd_place_medal:,2nd place medal,ç¬¬äºŒåçç‰Œ
ğŸ¥‰,:3rd_place_medal:,3rd place medal,ç¬¬ä¸‰åçç‰Œ
ğŸ…°,:A_button_(blood_type):,A button (blood type),Aéˆ•ï¼ˆè¡€å‹ï¼‰
â™ˆ,:Aries:,Aries,ç™½ç¾Šåº§
â™‹,:Cancer:,Cancer,ç™Œç—‡
ğŸ„,:Christmas_tree:,Christmas tree,è–èª•æ¨¹
ğŸ‡¨ğŸ‡·,:Costa_Rica:,Costa Rica,å“¥æ–¯é”é»åŠ 
ğŸ”š,:END_arrow:,END arrow,çµæŸç®­é ­
ğŸ†“,:FREE_button:,FREE button,å…è²»æŒ‰éˆ•
ğŸ‡«ğŸ‡·,:France:,France,æ³•åœ‹
ğŸ‡¬ğŸ‡º,:Guam:,Guam,é—œå³¶
ğŸ‡®ğŸ‡©,:Indonesia:,Indonesia,å°åº¦å°¼è¥¿äº
ğŸ‡®ğŸ‡¹,:Italy:,Italy,æ„å¤§åˆ©
ğŸ‡¯ğŸ‡µ,:Japan:,Japan,æ—¥æœ¬
ğŸ‰‘,:Japanese_acceptable_button:,Japanese acceptable button,æ—¥æœ¬å¯æ¥å—çš„æŒ‰éˆ•
ğŸ‰,:Japanese_bargain_button:,Japanese bargain button,æ—¥æœ¬è¨åƒ¹é‚„åƒ¹æŒ‰éˆ•
ğŸ¯,:Japanese_castle:,Japanese castle,æ—¥æœ¬åŸå ¡
ãŠ—ï¸,:Japanese_congratulations_button:,Japanese congratulations button,æ—¥æœ¬çš„ç¥è³€æŒ‰éˆ•
ãŠ—,:Japanese_congratulations_button:,Japanese congratulations button,æ—¥æœ¬çš„ç¥è³€æŒ‰éˆ•
ğŸˆ¹,:Japanese_discount_button:,Japanese discount button,æ—¥æœ¬æŠ˜æ‰£æŒ‰éˆ•
ğŸ,:Japanese_dolls:,Japanese dolls,æ—¥æœ¬å¨ƒå¨ƒ
ğŸˆ·ï¸,:Japanese_monthly_amount_button:,Japanese monthly amount button,æ—¥æœ¬æ¯æœˆé‡‘é¡æŒ‰éˆ•
ğŸˆµ,:Japanese_no_vacancy_button:,Japanese no vacancy button,æ—¥æœ¬æ²’æœ‰ç©ºç¼ºæŒ‰éˆ•
ğŸˆ¶,:Japanese_not_free_of_charge_button:,Japanese not free of charge button,æ—¥èªä¸æ˜¯å…è²»æŒ‰éˆ•
ğŸˆº,:Japanese_open_for_business_button:,Japanese open for business button,æ—¥æœ¬æ‰“é–‹æ¥­å‹™æŒ‰éˆ•
ğŸˆ´,:Japanese_passing_grade_button:,Japanese passing grade button,æ—¥æœ¬åŠæ ¼æŒ‰éˆ•
ğŸˆ²,:Japanese_prohibited_button:,Japanese prohibited button,æ—¥æœ¬ç¦æ­¢æŒ‰éˆ•
ãŠ™ï¸,:Japanese_secret_button:,Japanese secret button,æ—¥æœ¬ç§˜å¯†æŒ‰éˆ•
â™Œ,:Leo:,Leo,ç…å­åº§
ğŸ‡²ğŸ‡¾,:Malaysia:,Malaysia,é¦¬ä¾†è¥¿äº
ğŸ†•,:NEW_button:,NEW button,æ–°æŒ‰éˆ•
ğŸ‡³ğŸ‡±,:Netherlands:,Netherlands,è·è˜­
ğŸ‘Œ,:OK_hand:,OK hand,å¥½çš„æ‰‹
ğŸ‘ŒğŸ¿,:OK_hand_dark_skin_tone:,OK hand dark skin tone,OKæ‰‹æ·±è†šè‰²
ğŸ‘ŒğŸ»,:OK_hand_light_skin_tone:,OK hand light skin tone,OKæ‰‹æ·ºè†šè‰²
ğŸ‘ŒğŸ¾,:OK_hand_medium-dark_skin_tone:,OK hand medium-dark skin tone,OK æ‰‹ ä¸­æ·±è†šè‰²
ğŸ‘ŒğŸ¼,:OK_hand_medium-light_skin_tone:,OK hand medium-light skin tone,OKæ‰‹ä¸­æ·ºè†šè‰²
ğŸ…¿ï¸,:P_button:,P button,Péµ
ğŸ‡µğŸ‡­,:Philippines:,Philippines,è²å¾‹è³“
â™“,:Pisces:,Pisces,é›™é­šåº§
ğŸ”œ,:SOON_arrow:,SOON arrow,å¾ˆå¿«ç®­é ­
ğŸ†˜,:SOS_button:,SOS button,æ±‚æ•‘æŒ‰éˆ•
â™,:Sagittarius:,Sagittarius,å°„æ‰‹åº§
ğŸ…,:Santa_Claus:,Santa Claus,è–èª•è€äºº
ğŸ…ğŸ»,:Santa_Claus_light_skin_tone:,Santa Claus light skin tone,è–èª•è€äººæ·ºè†šè‰²
ğŸ‡°ğŸ‡·,:South_Korea:,South Korea,éŸ“åœ‹
ğŸ‡¸ğŸ‡ª,:Sweden:,Sweden,ç‘å…¸
ğŸ¦–,:T-Rex:,T-Rex,éœ¸ç‹é¾
ğŸ”,:TOP_arrow:,TOP arrow,é ‚éƒ¨ç®­é ­
ğŸ‡¹ğŸ‡¼,:Taiwan:,Taiwan,å°ç£
ğŸ‡¹ğŸ‡­,:Thailand:,Thailand,æ³°åœ‹
ğŸ‡¬ğŸ‡§,:United_Kingdom:,United Kingdom,è‹±åœ‹
ğŸ‡ºğŸ‡¸,:United_States:,United States,ç¾åœ‹
ğŸ†š,:VS_button:,VS button,å°æˆ°æŒ‰éˆ•
ğŸ’¤,:ZZZ:,ZZZ,ZZZ
ğŸ§®,:abacus:,abacus,ç®—ç›¤
ğŸ©¹,:adhesive_bandage:,adhesive bandage,ç²˜æ€§ç¹ƒå¸¶
ğŸŸ,:admission_tickets:,admission tickets,é–€ç¥¨
âœˆï¸,:airplane:,airplane,é£›æ©Ÿ
â°,:alarm_clock:,alarm clock,é¬§é˜
âš—ï¸,:alembic:,alembic,è’¸é¤¾å™¨
âš—,:alembic:,alembic,è’¸é¤¾å™¨
ğŸ‘½,:alien:,alien,å¤–æ˜Ÿäºº
ğŸš‘,:ambulance:,ambulance,æ•‘è­·è»Š
âš“,:anchor:,anchor,éŒ¨
ğŸ’¢,:anger_symbol:,anger symbol,æ†¤æ€’ç¬¦è™Ÿ
ğŸ˜ ,:angry_face:,angry face,æ†¤æ€’çš„è‡‰
ğŸ‘¿,:angry_face_with_horns:,angry face with horns,æœ‰è§’çš„ç”Ÿæ°£è‡‰
ğŸ˜§,:anguished_face:,anguished face,ç—›è‹¦çš„è‡‰
ğŸœ,:ant:,ant,èèŸ»
ğŸ˜°,:anxious_face_with_sweat:,anxious face with sweat,ç„¦æ€¥çš„è‡‰ä¸Šæ»¿æ˜¯æ±—æ°´
ğŸš›,:articulated_lorry:,articulated lorry,é‰¸æ¥å¼è²¨è»Š
ğŸ¨,:artist_palette:,artist palette,è—è¡“å®¶èª¿è‰²æ¿
ğŸ˜²,:astonished_face:,astonished face,é©šè¨çš„è‡‰
ğŸ›º,:auto_rickshaw:,auto rickshaw,è‡ªå‹•äººåŠ›è»Š
ğŸš—,:automobile:,automobile,æ±½è»Š
ğŸ¥‘,:avocado:,avocado,ç‰›æ²¹æœ
ğŸª“,:axe:,axe,æ–§é ­
ğŸ‘¶,:baby:,baby,å¬°å…’
ğŸ‘¼,:baby_angel:,baby angel,å¯¶è²å¤©ä½¿
ğŸ‘¼ğŸ»,:baby_angel_light_skin_tone:,baby angel light skin tone,å°å¤©ä½¿æ·ºè†šè‰²
ğŸ¼,:baby_bottle:,baby bottle,å¬°å…’å¥¶ç“¶
ğŸ¤,:baby_chick:,baby chick,å°é›
ğŸ‘¶ğŸ»,:baby_light_skin_tone:,baby light skin tone,å¬°å…’æ·ºè†šè‰²
ğŸ‘¶ğŸ¾,:baby_medium-dark_skin_tone:,baby medium-dark skin tone,å¬°å…’ä¸­ç­‰-æ·±è†šè‰²
ğŸ‘¶ğŸ¼,:baby_medium-light_skin_tone:,baby medium-light skin tone,å¬°å…’ä¸­æ·ºè†šè‰²
ğŸ‘‡,:backhand_index_pointing_down:,backhand index pointing down,åæ‰‹æŒ‡æ•¸å‘ä¸‹
ğŸ‘‡ğŸ¿,:backhand_index_pointing_down_dark_skin_tone:,backhand index pointing down dark skin tone,åæ‰‹é£ŸæŒ‡æœä¸‹æ·±è‰²è†šè‰²
ğŸ‘‡ğŸ»,:backhand_index_pointing_down_light_skin_tone:,backhand index pointing down light skin tone,åæ‰‹æŒ‡æ•¸æŒ‡å‘ä¸‹æ·ºè†šè‰²
ğŸ‘‡ğŸ¼,:backhand_index_pointing_down_medium-light_skin_tone:,backhand index pointing down medium-light skin tone,åæ‰‹é£ŸæŒ‡æœä¸‹ ä¸­æ·ºè†šè‰²
ğŸ‘ˆ,:backhand_index_pointing_left:,backhand index pointing left,åæ‰‹é£ŸæŒ‡å‘å·¦
ğŸ‘ˆğŸ»,:backhand_index_pointing_left_light_skin_tone:,backhand index pointing left light skin tone,åæ‰‹é£ŸæŒ‡æŒ‡å‘å·¦å´æ·ºè†šè‰²
ğŸ‘ˆğŸ¼,:backhand_index_pointing_left_medium-light_skin_tone:,backhand index pointing left medium-light skin tone,åæ‰‹é£ŸæŒ‡æŒ‡å‘å·¦å´ä¸­æ·ºè†šè‰²
ğŸ‘‰,:backhand_index_pointing_right:,backhand index pointing right,åæ‰‹æŒ‡æ•¸æŒ‡å‘å³
ğŸ‘‰ğŸ»,:backhand_index_pointing_right_light_skin_tone:,backhand index pointing right light skin tone,åæ‰‹é£ŸæŒ‡æŒ‡å‘å³å´æ·ºè†šè‰²
ğŸ‘‰ğŸ¼,:backhand_index_pointing_right_medium-light_skin_tone:,backhand index pointing right medium-light skin tone,åæ‰‹é£ŸæŒ‡æŒ‡å‘å³ ä¸­æ·ºè†šè‰²
ğŸ‘‰ğŸ½,:backhand_index_pointing_right_medium_skin_tone:,backhand index pointing right medium skin tone,åæ‰‹æŒ‡æ•¸æŒ‡å‘å³ ä¸­ç­‰è†šè‰²
ğŸ‘†,:backhand_index_pointing_up:,backhand index pointing up,åæ‰‹æŒ‡æ•¸æœä¸Š
ğŸ‘†ğŸ¿,:backhand_index_pointing_up_dark_skin_tone:,backhand index pointing up dark skin tone,åæ‰‹é£ŸæŒ‡æœä¸Š æ·±è‰²è†šè‰²
ğŸ‘†ğŸ»,:backhand_index_pointing_up_light_skin_tone:,backhand index pointing up light skin tone,åæ‰‹æŒ‡æ•¸æœä¸Šæ·ºè†šè‰²
ğŸ‘†ğŸ¼,:backhand_index_pointing_up_medium-light_skin_tone:,backhand index pointing up medium-light skin tone,åæ‰‹æŒ‡æ•¸æœä¸Š ä¸­æ·ºè†šè‰²
ğŸ’,:backpack:,backpack,èƒŒåŒ…
ğŸ¥“,:bacon:,bacon,ç†è‚‰
ğŸ¸,:badminton:,badminton,ç¾½æ¯›çƒ
ğŸ¥¯,:bagel:,bagel,ç™¾å‰é¤…
ğŸ¥–,:baguette_bread:,baguette bread,é•·æ£éºµåŒ…
âš–ï¸,:balance_scale:,balance scale,å¤©å¹³
ğŸ©°,:ballet_shoes:,ballet shoes,èŠ­è•¾èˆé‹
ğŸˆ,:balloon:,balloon,æ°£çƒ
ğŸŒ,:banana:,banana,é¦™è•‰
ğŸ’ˆ,:barber_pole:,barber pole,ç†é«®åº—æ‹›ç‰Œ
âš¾,:baseball:,baseball,æ£’çƒ
ğŸ§º,:basket:,basket,ç±ƒå­
ğŸ€,:basketball:,basketball,ç±ƒçƒ
ğŸ›,:bathtub:,bathtub,æµ´ç¼¸
ğŸ”‹,:battery:,battery,é›»æ± 
ğŸ–ï¸,:beach_with_umbrella:,beach with umbrella,æœ‰å‚˜çš„æµ·ç˜
ğŸ–,:beach_with_umbrella:,beach with umbrella,æœ‰å‚˜çš„æµ·ç˜
ğŸ˜,:beaming_face_with_smiling_eyes:,beaming face with smiling eyes,ç¬‘çœ¼ç›ˆç›ˆ
ğŸ»,:bear:,bear,ç†Š
ğŸ’“,:beating_heart:,beating heart,è·³å‹•çš„å¿ƒ
ğŸ›ï¸,:bed:,bed,åºŠ
ğŸ›,:bed:,bed,åºŠ
ğŸº,:beer_mug:,beer mug,å•¤é…’æ¯
ğŸ””,:bell:,bell,é˜
ğŸ›ï¸,:bellhop_bell:,bellhop bell,ä¾è€…éˆ´
ğŸ±,:bento_box:,bento box,ä¾¿ç•¶ç›’
ğŸ§ƒ,:beverage_box:,beverage box,é£²æ–™ç›’
ğŸ‘™,:bikini:,bikini,æ¯”åŸºå°¼
ğŸ§¢,:billed_cap:,billed cap,å˜´å¸½
ğŸ¦,:bird:,bird,é³¥
ğŸ‚,:birthday_cake:,birthday cake,ç”Ÿæ—¥è›‹ç³•
ğŸˆâ€â¬›,:black_cat:,black cat,é»‘è²“
âš«,:black_circle:,black circle,é»‘åœˆ
ğŸ–¤,:black_heart:,black heart,é»‘å¿ƒ
âœ’,:black_nib:,black nib,é»‘è‰²ç­†å°–
â–ªï¸,:black_small_square:,black small square,é»‘è‰²å°æ–¹å¡Š
â–ª,:black_small_square:,black small square,é»‘è‰²å°æ–¹å¡Š
ğŸŒ¼,:blossom:,blossom,é–‹èŠ±
ğŸ¡,:blowfish:,blowfish,æ²³è±š
ğŸ”µ,:blue_circle:,blue circle,è—è‰²åœ“åœˆ
ğŸ’™,:blue_heart:,blue heart,è—è‰²çš„å¿ƒ
ğŸ«,:blueberries:,blueberries,è—è“
ğŸ—,:boar:,boar,å…¬è±¬
ğŸ’£,:bomb:,bomb,ç‚¸å½ˆ
ğŸ¾,:bottle_with_popping_cork:,bottle with popping cork,çˆ†è£‚ç“¶
ğŸ’,:bouquet:,bouquet,èŠ±æŸ
ğŸ¥£,:bowl_with_spoon:,bowl with spoon,å¸¶å‹ºå­çš„ç¢—
ğŸ¥Š,:boxing_glove:,boxing glove,æ‹³æ“Šæ‰‹å¥—
ğŸ‘¦,:boy:,boy,ç”·ç”Ÿ
ğŸ‘¦ğŸ¿,:boy_dark_skin_tone:,boy dark skin tone,ç”·å­©æ·±è‰²è†šè‰²
ğŸ‘¦ğŸ»,:boy_light_skin_tone:,boy light skin tone,ç”·å­©æ·ºè†šè‰²
ğŸ‘¦ğŸ¾,:boy_medium-dark_skin_tone:,boy medium-dark skin tone,ç”·å­©ä¸­ç­‰-æ·±è†šè‰²
ğŸ‘¦ğŸ½,:boy_medium_skin_tone:,boy medium skin tone,ç”·å­©ä¸­ç­‰è†šè‰²
ğŸ§ ,:brain:,brain,è…¦
ğŸ,:bread:,bread,éºµåŒ…
ğŸ¤±,:breast-feeding:,breast-feeding,å“ºä¹³
ğŸ”†,:bright_button:,bright button,æ˜äº®çš„æŒ‰éˆ•
ğŸ’”,:broken_heart:,broken heart,ç ´ç¢çš„å¿ƒ
ğŸ¤,:brown_heart:,brown heart,æ£•è‰²çš„å¿ƒ
ğŸ§‹,:bubble_tea:,bubble tea,çç å¥¶èŒ¶
ğŸ«§,:bubbles:,bubbles,æ°£æ³¡
ğŸ›,:bug:,bug,æ¼æ´
ğŸš…,:bullet_train:,bullet train,å­å½ˆé ­åˆ—è»Š
ğŸŒ¯,:burrito:,burrito,æ²é¤…
ğŸšŒ,:bus:,bus,å…¬å…±æ±½è»Š
ğŸ¦‹,:butterfly:,butterfly,è´è¶
ğŸŒµ,:cactus:,cactus,ä»™äººæŒ
ğŸ“…,:calendar:,calendar,æ—¥æ›†
ğŸ¤™,:call_me_hand:,call me hand,å«æˆ‘æ‰‹
ğŸ¤™ğŸ»,:call_me_hand_light_skin_tone:,call me hand light skin tone,å«æˆ‘æ‰‹æ·ºè†šè‰²
ğŸ¤™ğŸ¼,:call_me_hand_medium-light_skin_tone:,call me hand medium-light skin tone,å«æˆ‘çš„æ‰‹ ä¸­æ·ºè†šè‰²
ğŸ¤™ğŸ½,:call_me_hand_medium_skin_tone:,call me hand medium skin tone,å«æˆ‘æ‰‹ä¸­ç­‰è†šè‰²
ğŸ“·,:camera:,camera,ç›¸æ©Ÿ
ğŸ“¸,:camera_with_flash:,camera with flash,å¸¶é–ƒå…‰ç‡ˆçš„ç›¸æ©Ÿ
ğŸ•ï¸,:camping:,camping,é‡ç‡Ÿ
ğŸ•,:camping:,camping,é‡ç‡Ÿ
ğŸ•¯ï¸,:candle:,candle,è Ÿç‡­
ğŸ•¯,:candle:,candle,è Ÿç‡­
ğŸ¬,:candy:,candy,ç³–æœ
ğŸ›¶,:canoe:,canoe,ç¨æœ¨èˆŸ
ğŸ ,:carousel_horse:,carousel horse,æ—‹è½‰æœ¨é¦¬
ğŸ¥•,:carrot:,carrot,èƒ¡è˜¿è””
ğŸ°,:castle:,castle,åŸå ¡
ğŸˆ,:cat:,cat,è²“
ğŸ±,:cat_face:,cat face,è²“è‡‰
ğŸ˜¹,:cat_with_tears_of_joy:,cat with tears of joy,è²“æµè‘—å–œæ‚…çš„æ·šæ°´
ğŸ˜¼,:cat_with_wry_smile:,cat with wry smile,è‹¦ç¬‘çš„è²“
ğŸ“‰,:chart_decreasing:,chart decreasing,åœ–è¡¨æ¸›å°‘
ğŸ“ˆ,:chart_increasing:,chart increasing,åœ–è¡¨å¢åŠ 
â˜‘ï¸,:check_box_with_check:,check box with check,è¤‡é¸æ¡†èˆ‡æª¢æŸ¥
â˜‘,:check_box_with_check:,check box with check,è¤‡é¸æ¡†èˆ‡æª¢æŸ¥
âœ”ï¸,:check_mark:,check mark,è¤‡é¸æ¨™è¨˜
âœ”,:check_mark:,check mark,è¤‡é¸æ¨™è¨˜
âœ…,:check_mark_button:,check mark button,è¤‡é¸æ¨™è¨˜æŒ‰éˆ•
ğŸ§€,:cheese_wedge:,cheese wedge,å¥¶é…ªè§’
ğŸ,:chequered_flag:,chequered flag,æ–¹æ ¼æ——
ğŸ’,:cherries:,cherries,æ«»æ¡ƒ
ğŸŒ¸,:cherry_blossom:,cherry blossom,æ«»èŠ±
â™Ÿï¸,:chess_pawn:,chess pawn,æ£‹å­
â™Ÿ,:chess_pawn:,chess pawn,æ£‹å­
ğŸŒ°,:chestnut:,chestnut,æ¿æ —
ğŸ”,:chicken:,chicken,é›
ğŸ¿ï¸,:chipmunk:,chipmunk,èŠ±æ —é¼ 
ğŸ¿,:chipmunk:,chipmunk,èŠ±æ —é¼ 
ğŸ«,:chocolate_bar:,chocolate bar,å·§å…‹åŠ›å§
ğŸ¥¢,:chopsticks:,chopsticks,ç­·å­
ğŸš¬,:cigarette:,cigarette,é¦™ç…™
ğŸ¬,:clapper_board:,clapper board,æ‹æ¿
ğŸ‘,:clapping_hands:,clapping hands,æ‹æ‰‹
ğŸ‘ğŸ»,:clapping_hands_light_skin_tone:,clapping hands light skin tone,æ‹æ‰‹ æ·ºè†šè‰²
ğŸ›ï¸,:classical_building:,classical building,å¤å…¸å»ºç¯‰
ğŸ»,:clinking_beer_mugs:,clinking beer mugs,å®å™¹éŸ¿çš„å•¤é…’æ¯
ğŸ¥‚,:clinking_glasses:,clinking glasses,ç¢°æ¯
ğŸŒ‚,:closed_umbrella:,closed umbrella,é–‰åˆçš„å‚˜
â˜ï¸,:cloud:,cloud,é›²
â˜,:cloud:,cloud,é›²
â›ˆ,:cloud_with_lightning_and_rain:,cloud with lightning and rain,é›²èˆ‡é–ƒé›»å’Œé›¨
ğŸŒ§ï¸,:cloud_with_rain:,cloud with rain,äº‘æœ‰é›¨
ğŸŒ§,:cloud_with_rain:,cloud with rain,äº‘æœ‰é›¨
ğŸŒ¨,:cloud_with_snow:,cloud with snow,æœ‰é›ªçš„é›²
ğŸ¤¡,:clown_face:,clown face,å°ä¸‘è‡‰
ğŸ§¥,:coat:,coat,å¤–å¥—
ğŸ¸,:cocktail_glass:,cocktail glass,é›å°¾é…’æ¯
âš°ï¸,:coffin:,coffin,æ£ºæ
ğŸ¥¶,:cold_face:,cold face,å†·è‡‰
ğŸ’¥,:collision:,collision,ç¢°æ’
â˜„ï¸,:comet:,comet,å½—æ˜Ÿ
â˜„,:comet:,comet,å½—æ˜Ÿ
ğŸŠ,:confetti_ball:,confetti ball,äº”å½©ç´™å±‘çƒ
ğŸ˜–,:confounded_face:,confounded face,å›°æƒ‘çš„è‡‰
ğŸ˜•,:confused_face:,confused face,å›°æƒ‘çš„è‡‰
ğŸ‘·,:construction_worker:,construction worker,å»ºç¯‰å·¥äºº
ğŸš,:cooked_rice:,cooked rice,ç†Ÿç±³é£¯
ğŸª,:cookie:,cookie,æ›²å¥‡é¤…
ğŸ³,:cooking:,cooking,çƒ¹é£ª
Â©ï¸,:copyright:,copyright,ç‰ˆæ¬Š
Â©,:copyright:,copyright,ç‰ˆæ¬Š
ğŸ›‹ï¸,:couch_and_lamp:,couch and lamp,æ²™ç™¼å’Œç‡ˆ
ğŸ”„,:counterclockwise_arrows_button:,counterclockwise arrows button,é€†æ™‚é‡ç®­é ­æŒ‰éˆ•
ğŸ’‘,:couple_with_heart:,couple with heart,å¤«å©¦èˆ‡å¿ƒ
ğŸ‘©â€â¤ï¸â€ğŸ‘¨,:couple_with_heart_woman_man:,couple with heart woman man,å¤«å©¦èˆ‡å¿ƒè‡Ÿå¥³äººç”·äºº
ğŸ‘©ğŸ»â€â¤ï¸â€ğŸ‘¨ğŸ»,:couple_with_heart_woman_man_light_skin_tone:,couple with heart woman man light skin tone,å¤«å¦»å¿ƒå¥³ç”·æ·ºè†šè‰²
ğŸ‘©â€â¤ï¸â€ğŸ‘©,:couple_with_heart_woman_woman:,couple with heart woman woman,å¤«å©¦èˆ‡å¿ƒè‡Ÿå¥³äººå¥³äºº
ğŸ„,:cow:,cow,å¥¶ç‰›
ğŸ®,:cow_face:,cow face,ç‰›è‡‰
ğŸ¤ ,:cowboy_hat_face:,cowboy hat face,ç‰›ä»”å¸½è‡‰
ğŸ¦€,:crab:,crab,èƒèŸ¹
ğŸ–,:crayon:,crayon,è Ÿç­†
ğŸŒ™,:crescent_moon:,crescent moon,æ–°æœˆ
ğŸŠ,:crocodile:,crocodile,é±·é­š
ğŸ¥,:croissant:,croissant,ç¾Šè§’éºµåŒ…
âŒ,:cross_mark:,cross mark,åå­—æ¨™è¨˜
â,:cross_mark_button:,cross mark button,åå­—æ¨™è¨˜æŒ‰éˆ•
ğŸ¤,:crossed_fingers:,crossed fingers,äº¤å‰æ‰‹æŒ‡
âš”ï¸,:crossed_swords:,crossed swords,åå­—åŠ
âš”,:crossed_swords:,crossed swords,åå­—åŠ
ğŸ‘‘,:crown:,crown,ç‹å† 
ğŸ˜¿,:crying_cat:,crying cat,å“­æ³£çš„è²“
ğŸ˜¢,:crying_face:,crying face,å“­è‡‰
ğŸ”®,:crystal_ball:,crystal ball,æ°´æ™¶çƒ
ğŸ¥’,:cucumber:,cucumber,é»ƒç“œ
ğŸ¥¤,:cup_with_straw:,cup with straw,å¸¶å¸ç®¡çš„æ¯å­
ğŸ§,:cupcake:,cupcake,ç´™æ¯è›‹ç³•
â°,:curly_loop:,curly loop,æ²æ›²å¾ªç’°
ğŸ›,:curry_rice:,curry rice,å’–å“©é£¯
ğŸ®,:custard:,custard,å¡ä»•é”é†¬
ğŸ¥©,:cut_of_meat:,cut of meat,åˆ‡è‚‰
ğŸ—¡,:dagger:,dagger,åŒ•é¦–
ğŸ¡,:dango:,dango,åœ˜å­
ğŸ’¨,:dashing_away:,dashing away,é£›å¥”è€Œå»
ğŸ§â€â™‚ï¸,:deaf_man:,deaf man,è¾äºº
ğŸ§ğŸ»â€â™‚ï¸,:deaf_man_light_skin_tone:,deaf man light skin tone,è¾äººæ·ºè†šè‰²
ğŸ§â€â™€ï¸,:deaf_woman:,deaf woman,è¾å¥³äºº
ğŸ§ğŸ»â€â™€ï¸,:deaf_woman_light_skin_tone:,deaf woman light skin tone,è¾å•å¥³äººæ·ºè†šè‰²
ğŸŒ³,:deciduous_tree:,deciduous tree,è½è‘‰å–¬æœ¨
ğŸ¦Œ,:deer:,deer,é¹¿
ğŸšš,:delivery_truck:,delivery truck,é€è²¨å¡è»Š
ğŸ¬,:department_store:,department store,ç™¾è²¨å•†åº—
ğŸï¸,:desert_island:,desert island,æ²™æ¼ è’å³¶
ğŸ,:desert_island:,desert island,æ²™æ¼ è’å³¶
ğŸ–¥,:desktop_computer:,desktop computer,å°å¼é›»è…¦
â™¦,:diamond_suit:,diamond suit,é‘½çŸ³å¥—è£
ğŸ”…,:dim_button:,dim button,æš—æŒ‰éˆ•
ğŸ˜,:disappointed_face:,disappointed face,å¤±æœ›çš„è‡‰
ğŸ¥¸,:disguised_face:,disguised face,å½è£çš„è‡‰
â—,:divide:,divide,åŠƒåˆ†
ğŸ¤¿,:diving_mask:,diving mask,æ½›æ°´é¢å…·
ğŸª”,:diya_lamp:,diya lamp,åœ°äºç‡ˆ
ğŸ’«,:dizzy:,dizzy,æšˆçœ©çš„
ğŸ•,:dog:,dog,ç‹—
ğŸ¶,:dog_face:,dog face,ç‹—è‡‰
ğŸ¬,:dolphin:,dolphin,æµ·è±š
ğŸšª,:door:,door,é–€
ğŸ”¯,:dotted_six-pointed_star:,dotted six-pointed star,é»ç‹€å…­è§’æ˜Ÿ
â€¼ï¸,:double_exclamation_mark:,double exclamation mark,é›™æ„Ÿå˜†è™Ÿ
â€¼,:double_exclamation_mark:,double exclamation mark,é›™æ„Ÿå˜†è™Ÿ
ğŸ©,:doughnut:,doughnut,æ²¹ç‚¸åœˆé¤…
ğŸ•Š,:dove:,dove,é´¿å­
â¬‡ï¸,:down_arrow:,down arrow,å‘ä¸‹ç®­é ­
ğŸ˜“,:downcast_face_with_sweat:,downcast face with sweat,å‚é ­å–ªæ°£çš„è‡‰
ğŸ”½,:downwards_button:,downwards button,å‘ä¸‹æŒ‰éˆ•
ğŸ‰,:dragon:,dragon,é¾
ğŸ²,:dragon_face:,dragon face,é¾è‡‰
ğŸ‘—,:dress:,dress,è£™å­
ğŸ¤¤,:drooling_face:,drooling face,æµå£æ°´çš„è‡‰
ğŸ©¸,:drop_of_blood:,drop of blood,ä¸€æ»´è¡€
ğŸ’§,:droplet:,droplet,æ°´æ»´
ğŸ¥,:drum:,drum,é¼“
ğŸ¦†,:duck:,duck,é´¨å­
ğŸ¥Ÿ,:dumpling:,dumpling,é¤ƒå­
ğŸ¦…,:eagle:,eagle,é·¹
ğŸ‘‚,:ear:,ear,è€³æœµ
ğŸ¥š,:egg:,egg,è›‹
ğŸ˜,:elephant:,elephant,å¤§è±¡
ğŸ˜¡,:enraged_face:,enraged face,æ†¤æ€’çš„è‡‰
âœ‰ï¸,:envelope:,envelope,ä¿¡å°
ğŸ“©,:envelope_with_arrow:,envelope with arrow,å¸¶ç®­é ­çš„ä¿¡å°
ğŸŒ²,:evergreen_tree:,evergreen tree,å¸¸é’æ¨¹
ğŸ‘,:ewe:,ewe,æ¯ç¾Š
â‰ï¸,:exclamation_question_mark:,exclamation question mark,æ„Ÿå˜†å•è™Ÿ
ğŸ¤¯,:exploding_head:,exploding head,çˆ†ç‚¸é ­
ğŸ˜‘,:expressionless_face:,expressionless face,é¢ç„¡è¡¨æƒ…
ğŸ‘ï¸,:eye:,eye,çœ¼ç›
ğŸ‘,:eye:,eye,çœ¼ç›
ğŸ‘€,:eyes:,eyes,çœ¼ç›
ğŸ˜˜,:face_blowing_a_kiss:,face blowing a kiss,é£›å»
ğŸ˜®â€ğŸ’¨,:face_exhaling:,face exhaling,è‡‰å‘¼æ°£
ğŸ¥¹,:face_holding_back_tears:,face holding back tears,å¼·å¿æ·šæ°´çš„è‡‰
ğŸ˜¶â€ğŸŒ«ï¸,:face_in_clouds:,face in clouds,é¢å°é›²
ğŸ˜‹,:face_savoring_food:,face savoring food,é¢å°ç¾é£Ÿ
ğŸ˜±,:face_screaming_in_fear:,face screaming in fear,åš‡å¾—å°–å«çš„è‡‰
ğŸ¤®,:face_vomiting:,face vomiting,è‡‰å˜”å
ğŸ˜µ,:face_with_crossed-out_eyes:,face with crossed-out eyes,çœ¼ç›æ‰“å‰çš„è‡‰
ğŸ¤­,:face_with_hand_over_mouth:,face with hand over mouth,æ‰‹æ‘€è‡‰
ğŸ¤•,:face_with_head-bandage:,face with head-bandage,é ­å¸¶ç¹ƒå¸¶çš„è‡‰
ğŸ˜·,:face_with_medical_mask:,face with medical mask,æˆ´è‘—é†«ç”¨å£ç½©çš„è‡‰
ğŸ§,:face_with_monocle:,face with monocle,é¢å°å–®ç‰‡çœ¼é¡
ğŸ«¢,:face_with_open_eyes_and_hand_over_mouth:,face with open eyes and hand over mouth,çœé–‹çœ¼ç›ï¼Œç”¨æ‰‹æ‘€ä½å˜´å·´
ğŸ˜®,:face_with_open_mouth:,face with open mouth,å¼µé–‹å˜´å·´é¢å°
ğŸ«£,:face_with_peeking_eye:,face with peeking eye,å·çœ‹çš„è‡‰
ğŸ¤¨,:face_with_raised_eyebrow:,face with raised eyebrow,æšçœ‰çš„è‡‰
ğŸ™„,:face_with_rolling_eyes:,face with rolling eyes,ç¿»ç™½çœ¼
ğŸ˜µâ€ğŸ’«,:face_with_spiral_eyes:,face with spiral eyes,é•·è‘—èºæ—‹çœ¼ç›çš„è‡‰
ğŸ˜¤,:face_with_steam_from_nose:,face with steam from nose,è‡‰ä¸Šæœ‰è’¸æ±½å¾é¼»å­è£¡å†’å‡ºä¾†
ğŸ¤¬,:face_with_symbols_on_mouth:,face with symbols on mouth,å˜´ä¸Šæœ‰ç¬¦è™Ÿçš„è‡‰
ğŸ˜‚,:face_with_tears_of_joy:,face with tears of joy,æ»¿è‡‰å–œæ‚…çš„æ·šæ°´
ğŸ¤’,:face_with_thermometer:,face with thermometer,é¢å°æº«åº¦è¨ˆ
ğŸ˜›,:face_with_tongue:,face with tongue,ç”¨èˆŒé ­é¢å°
ğŸ˜¶,:face_without_mouth:,face without mouth,æ²’æœ‰å˜´å·´çš„è‡‰
ğŸ§š,:fairy:,fairy,ä»™å¥³
ğŸ§šğŸ»,:fairy_light_skin_tone:,fairy light skin tone,ä»™å¥³èˆ¬çš„æ·ºè†šè‰²
ğŸ§†,:falafel:,falafel,æ²™æ‹‰ä¸‰æ˜æ²»
ğŸ‚,:fallen_leaf:,fallen leaf,è½è‘‰
ğŸ‘¨â€ğŸ‘§,:family_man_girl:,family man girl,å®¶åº­ç”·äººå¥³å­©
ğŸ‘¨â€ğŸ‘©â€ğŸ‘¦,:family_man_woman_boy:,family man woman boy,å®¶åº­ç”·äººå¥³äººç”·å­©
ğŸ‘¨â€ğŸ‘©â€ğŸ‘¦â€ğŸ‘¦,:family_man_woman_boy_boy:,family man woman boy boy,å®¶åº­ç”·äººå¥³äººç”·å­©ç”·å­©
ğŸ‘¨â€ğŸ‘©â€ğŸ‘§,:family_man_woman_girl:,family man woman girl,å®¶åº­ç”·äººå¥³äººå¥³å­©
ğŸ‘¨â€ğŸ‘©â€ğŸ‘§â€ğŸ‘¦,:family_man_woman_girl_boy:,family man woman girl boy,å®¶åº­ç”·äººå¥³äººå¥³å­©ç”·å­©
ğŸ‘¨â€ğŸ‘©â€ğŸ‘§â€ğŸ‘§,:family_man_woman_girl_girl:,family man woman girl girl,å®¶åº­ç”·äººå¥³äººå¥³å­©å¥³å­©
â©,:fast-forward_button:,fast-forward button,å¿«é€²æŒ‰éˆ•
â¬,:fast_down_button:,fast down button,å¿«é€Ÿä¸‹é™æŒ‰éˆ•
ğŸ˜¨,:fearful_face:,fearful face,ææ‡¼çš„è‡‰
ğŸª¶,:feather:,feather,ç¾½æ¯›
ğŸ¡,:ferris_wheel:,ferris wheel,æ‘©å¤©è¼ª
ğŸ,:film_frames:,film frames,é›»å½±å¹€
ğŸ“½,:film_projector:,film projector,æ”¾æ˜ æ©Ÿ
ğŸ”¥,:fire:,fire,ç«
ğŸš’,:fire_engine:,fire engine,æ¶ˆé˜²è»Š
ğŸ§¯,:fire_extinguisher:,fire extinguisher,æ»…ç«å™¨
ğŸ§¨,:firecracker:,firecracker,é­ç‚®
ğŸ†,:fireworks:,fireworks,ç…™èŠ±
ğŸŒ›,:first_quarter_moon_face:,first quarter moon face,ä¸Šå¼¦æœˆè‡‰
ğŸŸ,:fish:,fish,é­š
ğŸ¥,:fish_cake_with_swirl:,fish cake with swirl,å¸¶æ¼©æ¸¦çš„é­šç³•
ğŸ£,:fishing_pole:,fishing pole,é‡£é­šç«¿
ğŸ•”,:five_oâ€™clock:,five oâ€™clock,äº”é»é˜
â›³,:flag_in_hole:,flag in hole,æ´ä¸­çš„æ——å¹Ÿ
ğŸ’ª,:flexed_biceps:,flexed biceps,å½æ›²çš„äºŒé ­è‚Œ
ğŸ’ªğŸ»,:flexed_biceps_light_skin_tone:,flexed biceps light skin tone,å½æ›²çš„äºŒé ­è‚Œæ·ºè†šè‰²
ğŸ’ªğŸ¼,:flexed_biceps_medium-light_skin_tone:,flexed biceps medium-light skin tone,å½æ›²çš„äºŒé ­è‚Œä¸­æ·ºè†šè‰²
ğŸ’ªğŸ½,:flexed_biceps_medium_skin_tone:,flexed biceps medium skin tone,å½æ›²çš„äºŒé ­è‚Œä¸­ç­‰è†šè‰²
ğŸ˜³,:flushed_face:,flushed face,è‡‰ç´…äº†
ğŸ¥,:flying_disc:,flying disc,é£›ç›¤
ğŸ›¸,:flying_saucer:,flying saucer,é£›ç¢Ÿ
ğŸŒ«,:fog:,fog,å¤šéœ§è·¯æ®µ
ğŸŒ,:foggy:,foggy,æœ‰éœ§
ğŸ™,:folded_hands:,folded hands,é›™æ‰‹åˆå
ğŸ™ğŸ»,:folded_hands_light_skin_tone:,folded hands light skin tone,é›™æ‰‹åˆå æ·ºè†šè‰²
ğŸ™ğŸ¾,:folded_hands_medium-dark_skin_tone:,folded hands medium-dark skin tone,é›™æ‰‹åˆå-ä¸­æ·±è†šè‰²
ğŸ™ğŸ¼,:folded_hands_medium-light_skin_tone:,folded hands medium-light skin tone,é›™æ‰‹åˆå ä¸­æ·ºè†šè‰²
ğŸ™ğŸ½,:folded_hands_medium_skin_tone:,folded hands medium skin tone,é›™æ‰‹åˆå ä¸­ç­‰è†šè‰²
ğŸ¦¶,:foot:,foot,è…³
ğŸ‘£,:footprints:,footprints,è…³å°
ğŸ´,:fork_and_knife:,fork and knife,åˆ€å‰
ğŸ½ï¸,:fork_and_knife_with_plate:,fork and knife with plate,å¸¶ç›¤å­çš„åˆ€å‰
ğŸ½,:fork_and_knife_with_plate:,fork and knife with plate,å¸¶ç›¤å­çš„åˆ€å‰
ğŸ–‹,:fountain_pen:,fountain pen,é‹¼ç­†
ğŸ€,:four_leaf_clover:,four leaf clover,å››è‘‰è‰
ğŸ•“,:four_oâ€™clock:,four oâ€™clock,å››é»é˜
ğŸ¦Š,:fox:,fox,ç‹ç‹¸
ğŸ–¼,:framed_picture:,framed picture,å¸¶æ¡†çš„åœ–ç‰‡
ğŸŸ,:french_fries:,french fries,ç‚¸è–¯æ¢
ğŸ¤,:fried_shrimp:,fried shrimp,ç‚’è¦ä»
ğŸ¸,:frog:,frog,é’è›™
ğŸ¥,:front-facing_baby_chick:,front-facing baby chick,æ­£é¢å°é›
â˜¹ï¸,:frowning_face:,frowning face,çšºçœ‰çš„è‡‰
ğŸ˜¦,:frowning_face_with_open_mouth:,frowning face with open mouth,çšºè‘—çœ‰é ­å¼µé–‹å˜´å·´
â›½,:fuel_pump:,fuel pump,ç‡ƒæ²¹æ³µ
ğŸŒ•,:full_moon:,full moon,æ»¿æœˆ
ğŸŒ,:full_moon_face:,full moon face,æ»¿æœˆè‡‰
ğŸ§„,:garlic:,garlic,è’œ
ğŸ’,:gem_stone:,gem stone,å¯¶çŸ³
ğŸ‘»,:ghost:,ghost,é¬¼
ğŸ¦’,:giraffe:,giraffe,é•·é ¸é¹¿
ğŸ‘§,:girl:,girl,å¥³å­©
ğŸ‘§ğŸ»,:girl_light_skin_tone:,girl light skin tone,å¥³å­©æ·ºè†šè‰²
ğŸ¥›,:glass_of_milk:,glass of milk,ä¸€æ¯ç‰›å¥¶
ğŸ‘“,:glasses:,glasses,çœ¼é¡
ğŸŒ,:globe_showing_Asia-Australia:,globe showing Asia-Australia,é¡¯ç¤ºäºæ´²-æ¾³å¤§åˆ©äºçš„åœ°çƒå„€
ğŸŒ,:globe_showing_Europe-Africa:,globe showing Europe-Africa,é¡¯ç¤ºæ­æ´²-éæ´²çš„åœ°çƒå„€
ğŸ§¤,:gloves:,gloves,æ‰‹å¥—
ğŸŒŸ,:glowing_star:,glowing star,ç™¼å…‰çš„æ˜Ÿæ˜Ÿ
ğŸ,:goat:,goat,å±±ç¾Š
ğŸ‘º,:goblin:,goblin,åœ°ç²¾
ğŸ¦,:gorilla:,gorilla,å¤§çŒ©çŒ©
ğŸ“,:graduation_cap:,graduation cap,ç•¢æ¥­å¸½
ğŸ‡,:grapes:,grapes,è‘¡è„
ğŸ,:green_apple:,green apple,é’è˜‹æœ
ğŸ“—,:green_book:,green book,ç¶ çš®æ›¸
ğŸŸ¢,:green_circle:,green circle,ç¶ è‰²åœ“åœˆ
ğŸ’š,:green_heart:,green heart,ç¶ å¿ƒ
ğŸ¥—,:green_salad:,green salad,ç¶ è‰²çš„æ²™æ‹‰
ğŸ˜¬,:grimacing_face:,grimacing face,é¬¼è‡‰
ğŸ˜º,:grinning_cat:,grinning cat,å’§è‘—å˜´ç¬‘çš„è²“
ğŸ˜¸,:grinning_cat_with_smiling_eyes:,grinning cat with smiling eyes,å¾®ç¬‘çš„çœ¼ç›å’§å˜´ç¬‘çš„è²“
ğŸ˜€,:grinning_face:,grinning face,ç¬‘è‡‰
ğŸ˜ƒ,:grinning_face_with_big_eyes:,grinning face with big eyes,å¤§çœ¼ç›ç¬‘è‡‰
ğŸ˜„,:grinning_face_with_smiling_eyes:,grinning face with smiling eyes,ç¬‘å®¹æ»¿é¢çš„çœ¼ç›
ğŸ˜…,:grinning_face_with_sweat:,grinning face with sweat,æ±—æµæµ¹èƒŒçš„ç¬‘è‡‰
ğŸ˜†,:grinning_squinting_face:,grinning squinting face,å’§è‘—å˜´ç¬‘çš„è‡‰
ğŸ’—,:growing_heart:,growing heart,æˆé•·çš„å¿ƒ
ğŸ’‚,:guard:,guard,è­¦è¡›
ğŸ”,:hamburger:,hamburger,æ¼¢å ¡åŒ…
ğŸ”¨,:hammer:,hammer,éŒ˜å­
ğŸ¹,:hamster:,hamster,å€‰é¼ 
ğŸ–ï¸,:hand_with_fingers_splayed:,hand with fingers splayed,å¼µé–‹æ‰‹æŒ‡çš„æ‰‹
ğŸ–,:hand_with_fingers_splayed:,hand with fingers splayed,å¼µé–‹æ‰‹æŒ‡çš„æ‰‹
ğŸ–ğŸ»,:hand_with_fingers_splayed_light_skin_tone:,hand with fingers splayed light skin tone,æ‰‹æŒ‡å¼µé–‹çš„æ‰‹æ·ºè†šè‰²
ğŸ«°ğŸ»,:hand_with_index_finger_and_thumb_crossed_light_skin_tone:,hand with index finger and thumb crossed light skin tone,é£ŸæŒ‡å’Œæ‹‡æŒ‡äº¤å‰çš„æ‰‹ æ·ºè†šè‰²
ğŸ«°ğŸ¾,:hand_with_index_finger_and_thumb_crossed_medium-dark_skin_tone:,hand with index finger and thumb crossed medium-dark skin tone,é£ŸæŒ‡å’Œæ‹‡æŒ‡äº¤å‰çš„æ‰‹ä¸­æ·±è†šè‰²
ğŸ‘œ,:handbag:,handbag,æ‰‹æåŒ…
ğŸ¤,:handshake:,handshake,æ¡æ‰‹
ğŸ£,:hatching_chick:,hatching chick,å­µåŒ–å°é›
ğŸ§,:headphone:,headphone,è€³æ©Ÿ
ğŸ™‰,:hear-no-evil_monkey:,hear-no-evil monkey,ä¸è½é‚ªè¨€çš„çŒ´å­
ğŸ’Ÿ,:heart_decoration:,heart decoration,å¿ƒå½¢è£é£¾
â£ï¸,:heart_exclamation:,heart exclamation,å¿ƒé©šå‘¼
â£,:heart_exclamation:,heart exclamation,å¿ƒé©šå‘¼
ğŸ«¶,:heart_hands:,heart hands,å¿ƒæ‰‹
ğŸ«¶ğŸ¿,:heart_hands_dark_skin_tone:,heart hands dark skin tone,å¿ƒå½¢æ‰‹æ·±è‰²è†šè‰²
ğŸ«¶ğŸ»,:heart_hands_light_skin_tone:,heart hands light skin tone,å¿ƒå½¢æ‰‹æ·ºè†šè‰²
ğŸ«¶ğŸ¾,:heart_hands_medium-dark_skin_tone:,heart hands medium-dark skin tone,å¿ƒå½¢æ‰‹ä¸­æ·±è†šè‰²
â¤ï¸â€ğŸ”¥,:heart_on_fire:,heart on fire,å¿ƒè‡Ÿè‘—ç«
â™¥ï¸,:heart_suit:,heart suit,å¿ƒå¥—è£
â™¥,:heart_suit:,heart suit,å¿ƒå¥—è£
ğŸ’˜,:heart_with_arrow:,heart with arrow,å¸¶ç®­é ­çš„å¿ƒ
ğŸ’,:heart_with_ribbon:,heart with ribbon,å¸¶çµ²å¸¶çš„å¿ƒ
ğŸ’²,:heavy_dollar_sign:,heavy dollar sign,æ²‰é‡çš„ç¾å…ƒç¬¦è™Ÿ
ğŸ¦”,:hedgehog:,hedgehog,åˆºçŒ¬
ğŸš,:helicopter:,helicopter,ç›´å‡æ©Ÿ
ğŸŒ¿,:herb:,herb,è‰æœ¬æ¤ç‰©
ğŸŒº,:hibiscus:,hibiscus,æœ¨æ§¿
ğŸ‘ ,:high-heeled_shoe:,high-heeled shoe,é«˜è·Ÿé‹
ğŸš„,:high-speed_train:,high-speed train,é«˜é€Ÿç«è»Š
âš¡,:high_voltage:,high voltage,é«˜å£“
ğŸ¥¾,:hiking_boot:,hiking boot,ç™»å±±é´
ğŸ›•,:hindu_temple:,hindu temple,å°åº¦æ•™å¯ºå»Ÿ
ğŸ¦›,:hippopotamus:,hippopotamus,æ²³é¦¬
ğŸ•³ï¸,:hole:,hole,æ´
â­•,:hollow_red_circle:,hollow red circle,ç©ºå¿ƒç´…åœˆ
ğŸ¯,:honey_pot:,honey pot,èœœç½
ğŸ,:honeybee:,honeybee,èœœèœ‚
ğŸ,:horse:,horse,é¦¬
ğŸ¥,:hospital:,hospital,é†«é™¢
â˜•,:hot_beverage:,hot beverage,ç†±é£²
ğŸ¥µ,:hot_face:,hot face,ç‡™è‡‰
ğŸŒ¶ï¸,:hot_pepper:,hot pepper,è¾£æ¤’
ğŸŒ¶,:hot_pepper:,hot pepper,è¾£æ¤’
â™¨ï¸,:hot_springs:,hot springs,æº«æ³‰
â™¨,:hot_springs:,hot springs,æº«æ³‰
âŒ›,:hourglass_done:,hourglass done,æ²™æ¼å®Œæˆ
â³,:hourglass_not_done:,hourglass not done,æ²™æ¼æœªå®Œæˆ
ğŸ ,:house:,house,æˆ¿å­
ğŸ¡,:house_with_garden:,house with garden,å¸¶èŠ±åœ’çš„æˆ¿å­
ğŸ’¯,:hundred_points:,hundred points,ç™¾åˆ†
ğŸ˜¯,:hushed_face:,hushed face,æ²‰é»˜çš„è‡‰
ğŸ§Š,:ice:,ice,å†°
â˜ï¸,:index_pointing_up:,index pointing up,æŒ‡æ•¸å‘ä¸Š
â˜ğŸ»,:index_pointing_up_light_skin_tone:,index pointing up light skin tone,æŒ‡æ•¸æœä¸Šæ·ºè†šè‰²
â˜ğŸ¼,:index_pointing_up_medium-light_skin_tone:,index pointing up medium-light skin tone,æŒ‡æ•¸æœä¸Š ä¸­æ·ºè†šè‰²
â„¹ï¸,:information:,information,ä¿¡æ¯
ğŸƒ,:jack-o-lantern:,jack-o-lantern,å—ç“œç‡ˆ
ğŸ‘–,:jeans:,jeans,ç‰›ä»”è¤²
ğŸƒ,:joker:,joker,å°ä¸‘
âŒ¨ï¸,:keyboard:,keyboard,éµç›¤
*ï¸âƒ£,:keycap_*:,keycap *,éµå¸½*
0ï¸âƒ£,:keycap_0:,keycap 0,éµå¸½ 0
1ï¸âƒ£,:keycap_1:,keycap 1,éµå¸½1
1âƒ£,:keycap_1:,keycap 1,éµå¸½1
ğŸ”Ÿ,:keycap_10:,keycap 10,éµå¸½ 10
2ï¸âƒ£,:keycap_2:,keycap 2,éµå¸½2
2âƒ£,:keycap_2:,keycap 2,éµå¸½2
3ï¸âƒ£,:keycap_3:,keycap 3,éµå¸½3
3âƒ£,:keycap_3:,keycap 3,éµå¸½3
4ï¸âƒ£,:keycap_4:,keycap 4,éµå¸½4
4âƒ£,:keycap_4:,keycap 4,éµå¸½4
5ï¸âƒ£,:keycap_5:,keycap 5,éµå¸½ 5
5âƒ£,:keycap_5:,keycap 5,éµå¸½ 5
6ï¸âƒ£,:keycap_6:,keycap 6,éµå¸½ 6
6âƒ£,:keycap_6:,keycap 6,éµå¸½ 6
7ï¸âƒ£,:keycap_7:,keycap 7,éµå¸½ 7
7âƒ£,:keycap_7:,keycap 7,éµå¸½ 7
8ï¸âƒ£,:keycap_8:,keycap 8,éµå¸½8
8âƒ£,:keycap_8:,keycap 8,éµå¸½8
9ï¸âƒ£,:keycap_9:,keycap 9,éµå¸½ 9
ğŸ‘˜,:kimono:,kimono,å’Œæœ
ğŸ’,:kiss:,kiss,å»
ğŸ’‹,:kiss_mark:,kiss mark,å»ç—•
ğŸ‘©â€â¤ï¸â€ğŸ’‹â€ğŸ‘¨,:kiss_woman_man:,kiss woman man,è¦ªå»å¥³äººç”·äºº
ğŸ˜½,:kissing_cat:,kissing cat,æ¥å»è²“
ğŸ˜—,:kissing_face:,kissing face,è¦ªè‡‰
ğŸ˜š,:kissing_face_with_closed_eyes:,kissing face with closed eyes,é–‰è‘—çœ¼ç›è¦ªå»è‡‰
ğŸ˜™,:kissing_face_with_smiling_eyes:,kissing face with smiling eyes,ç”¨å¾®ç¬‘çš„çœ¼ç›è¦ªå»è‡‰
ğŸ”ª,:kitchen_knife:,kitchen knife,èœåˆ€
ğŸª,:kite:,kite,é¢¨ç®
ğŸ¥,:kiwi_fruit:,kiwi fruit,å¥‡ç•°æœ
ğŸª¢,:knot:,knot,çµ
ğŸ¨,:koala:,koala,è€ƒæ‹‰
ğŸ¥¼,:lab_coat:,lab coat,å¯¦é©—å·¥ä½œæœ
ğŸ·ï¸,:label:,label,æ¨™ç±¤
ğŸ·,:label:,label,æ¨™ç±¤
ğŸ’»,:laptop:,laptop,ç­†è¨˜æœ¬é›»è…¦
ğŸ”·,:large_blue_diamond:,large blue diamond,å¤§è—é‘½
ğŸ”¶,:large_orange_diamond:,large orange diamond,å¤§æ©™è‰²é‘½çŸ³
ğŸŒ—,:last_quarter_moon:,last quarter moon,ä¸Šå¼¦æœˆ
ğŸƒ,:leaf_fluttering_in_wind:,leaf fluttering in wind,è‘‰å­åœ¨é¢¨ä¸­é£„æš
ğŸ¥¬,:leafy_green:,leafy green,ç¶ è‘‰
ğŸ“’,:ledger:,ledger,è³¬æœ¬
ğŸ¤›ğŸ»,:left-facing_fist_light_skin_tone:,left-facing fist light skin tone,æœå·¦çš„æ‹³é ­æ·ºè†šè‰²
ğŸ¤›ğŸ¼,:left-facing_fist_medium-light_skin_tone:,left-facing fist medium-light skin tone,å·¦æ‰‹æ¡æ‹³ä¸­æ·ºè†šè‰²
â¬…ï¸,:left_arrow:,left arrow,å·¦ç®­é ­
ğŸ¦µ,:leg:,leg,è…¿
ğŸ¦µğŸ»,:leg_light_skin_tone:,leg light skin tone,è…¿éƒ¨æ·ºè†šè‰²
ğŸ‹,:lemon:,lemon,æª¸æª¬
ğŸ†,:leopard:,leopard,è±¹
ğŸ’¡,:light_bulb:,light bulb,ç‡ˆæ³¡
ğŸ”—,:link:,link,é—œè¯
ğŸ¦,:lion:,lion,ç…å­
ğŸ’„,:lipstick:,lipstick,å£ç´…
ğŸ¦™,:llama:,llama,é§±é§
ğŸ¦,:lobster:,lobster,é¾è¦
ğŸš‚,:locomotive:,locomotive,æ©Ÿè»Š
ğŸ­,:lollipop:,lollipop,æ£’ç³–
ğŸ§´,:lotion_bottle:,lotion bottle,ä¹³æ¶²ç“¶
ğŸ˜­,:loudly_crying_face:,loudly crying face,å¤§è²å“­æ³£çš„è‡‰
ğŸ“¢,:loudspeaker:,loudspeaker,å–‡å­
ğŸ¤Ÿ,:love-you_gesture:,love-you gesture,æ„›ä½ çš„æ‰‹å‹¢
ğŸ¤ŸğŸ»,:love-you_gesture_light_skin_tone:,love-you gesture light skin tone,æ„›ä½ çš„æ‰‹å‹¢æ·ºè†šè‰²
ğŸ¤ŸğŸ¼,:love-you_gesture_medium-light_skin_tone:,love-you gesture medium-light skin tone,æ„›ä½ çš„æ‰‹å‹¢ä¸­æ·ºè†šè‰²
ğŸ¤ŸğŸ½,:love-you_gesture_medium_skin_tone:,love-you gesture medium skin tone,æ„›ä½ çš„æ‰‹å‹¢ä¸­ç­‰è†šè‰²
ğŸ’Œ,:love_letter:,love letter,æ„›æƒ…ä¿¡
ğŸ§³,:luggage:,luggage,è¡Œæ
ğŸ§™ğŸ»,:mage_light_skin_tone:,mage light skin tone,æ³•å¸«æ·ºè†šè‰²
ğŸª„,:magic_wand:,magic wand,é­”æ³•æ£’
ğŸ”,:magnifying_glass_tilted_left:,magnifying glass tilted left,æ”¾å¤§é¡å‘å·¦å‚¾æ–œ
ğŸ”,:magnifying_glass_tilted_right:,magnifying glass tilted right,æ”¾å¤§é¡å‘å³å‚¾æ–œ
ğŸ€„,:mahjong_red_dragon:,mahjong red dragon,éº»å°‡ç´…é¾
ğŸ‘¨,:man:,man,ç”·äºº
ğŸ‘¨â€ğŸ¨,:man_artist:,man artist,ç”·è—è¡“å®¶
ğŸ‘¨â€ğŸš€,:man_astronaut:,man astronaut,å®‡èˆªå“¡
ğŸ‘±â€â™‚ï¸,:man_blond_hair:,man blond hair,ç”·äººé‡‘ç™¼
ğŸ™‡â€â™‚ï¸,:man_bowing:,man bowing,ç”·å­é èº¬
ğŸ™‡ğŸ»â€â™‚ï¸,:man_bowing_light_skin_tone:,man bowing light skin tone,é èº¬çš„ç”·äººæ·ºè†šè‰²
ğŸ™‡ğŸ¼â€â™‚ï¸,:man_bowing_medium-light_skin_tone:,man bowing medium-light skin tone,é èº¬çš„ç”·äººä¸­æ·ºè†šè‰²
ğŸ¤¸â€â™‚ï¸,:man_cartwheeling:,man cartwheeling,ç”·äººå´æ‰‹ç¿»
ğŸ¤¸ğŸ»â€â™‚ï¸,:man_cartwheeling_light_skin_tone:,man cartwheeling light skin tone,ç”·äººå´æ‰‹ç¿»è¼ƒæ·ºè†šè‰²
ğŸ§—â€â™‚ï¸,:man_climbing:,man climbing,ç”·å­æ”€ç™»
ğŸ‘¨â€ğŸ³,:man_cook:,man cook,ç”·å»šå¸«
ğŸ•º,:man_dancing:,man dancing,ç”·äººè·³èˆ
ğŸ•ºğŸ»,:man_dancing_light_skin_tone:,man dancing light skin tone,è·³èˆçš„ç”·äººæ·ºè†šè‰²
ğŸ•ºğŸ¼,:man_dancing_medium-light_skin_tone:,man dancing medium-light skin tone,è·³èˆçš„ç”·äººä¸­æ·ºè†šè‰²
ğŸ‘¨ğŸ¿,:man_dark_skin_tone:,man dark skin tone,ç”·äººæ·±è‰²è†šè‰²
ğŸ¤¦â€â™‚ï¸,:man_facepalming:,man facepalming,ç”·äººæ‚è‡‰
ğŸ¤¦ğŸ»â€â™‚ï¸,:man_facepalming_light_skin_tone:,man facepalming light skin tone,ç”·äººæ‚è‡‰æ·ºè†šè‰²
ğŸ¤¦ğŸ¼â€â™‚ï¸,:man_facepalming_medium-light_skin_tone:,man facepalming medium-light skin tone,ç”·äººæ‚è‡‰ä¸­æ·ºè†šè‰²
ğŸ¤¦ğŸ½â€â™‚ï¸,:man_facepalming_medium_skin_tone:,man facepalming medium skin tone,ç”·äººæ‚è‡‰ä¸­ç­‰è†šè‰²
ğŸ§šğŸ»â€â™‚ï¸,:man_fairy_light_skin_tone:,man fairy light skin tone,ç”·ä»™å¥³æ·ºè†šè‰²
ğŸ™â€â™‚ï¸,:man_frowning:,man frowning,ç”·äººçšºè‘—çœ‰é ­
ğŸ™…â€â™‚ï¸,:man_gesturing_NO:,man gesturing NO,ç”·äººæ‰“æ‰‹å‹¢ä¸
ğŸ™†â€â™‚ï¸,:man_gesturing_OK:,man gesturing OK,ç”·äººæ‰“æ‰‹å‹¢ OK
ğŸ™†ğŸ»â€â™‚ï¸,:man_gesturing_OK_light_skin_tone:,man gesturing OK light skin tone,ç”·äººæ‰“æ‰‹å‹¢ OK æ·ºè†šè‰²
ğŸ™†ğŸ½â€â™‚ï¸,:man_gesturing_OK_medium_skin_tone:,man gesturing OK medium skin tone,ç”·äººåš OK æ‰‹å‹¢ ä¸­ç­‰è†šè‰²
ğŸ‘¨â€âš•ï¸,:man_health_worker:,man health worker,ç”·ä¿å¥å“¡
ğŸ¤¹â€â™‚ï¸,:man_juggling:,man juggling,ç”·å­é›œè€
ğŸ‹â€â™‚ï¸,:man_lifting_weights:,man lifting weights,ç”·å­èˆ‰é‡
ğŸ‘¨ğŸ»,:man_light_skin_tone:,man light skin tone,ç”·äººæ·ºè†šè‰²
ğŸ‘¨ğŸ»â€ğŸ¦³,:man_light_skin_tone_white_hair:,man light skin tone white hair,ç”·äººæ·ºè†šè‰²ç™½é ­é«®
ğŸ‘¨ğŸ»â€âœˆï¸,:man_pilot_light_skin_tone:,man pilot light skin tone,ç”·é£›è¡Œå“¡æ·ºè†šè‰²
ğŸ™â€â™‚ï¸,:man_pouting:,man pouting,å™˜å˜´çš„ç”·äºº
ğŸ™ğŸ»â€â™‚ï¸,:man_pouting_light_skin_tone:,man pouting light skin tone,ç”·äººå™˜å˜´ æ·ºè†šè‰²
ğŸ™ğŸ¼â€â™‚ï¸,:man_pouting_medium-light_skin_tone:,man pouting medium-light skin tone,å™˜å˜´çš„ç”·äººä¸­æ·ºè†šè‰²
ğŸ™‹â€â™‚ï¸,:man_raising_hand:,man raising hand,èˆ‰æ‰‹çš„äºº
ğŸ™‹ğŸ¿â€â™‚ï¸,:man_raising_hand_dark_skin_tone:,man raising hand dark skin tone,èˆ‰æ‰‹çš„ç”·äººæ·±è‰²è†šè‰²
ğŸ™‹ğŸ»â€â™‚ï¸,:man_raising_hand_light_skin_tone:,man raising hand light skin tone,èˆ‰æ‰‹çš„ç”·äººæ·ºè†šè‰²
ğŸƒâ€â™‚ï¸,:man_running:,man running,è·‘æ­¥çš„äºº
ğŸƒğŸ»â€â™‚ï¸,:man_running_light_skin_tone:,man running light skin tone,è·‘æ­¥çš„ç”·äººæ·ºè†šè‰²
ğŸ‘¨ğŸ»â€ğŸ”¬,:man_scientist_light_skin_tone:,man scientist light skin tone,ç”·ç§‘å­¸å®¶æ·ºè†šè‰²
ğŸ¤·â€â™‚ï¸,:man_shrugging:,man shrugging,ç”·äººè³è‚©
ğŸ¤·ğŸ»â€â™‚ï¸,:man_shrugging_light_skin_tone:,man shrugging light skin tone,ç”·äººè³è‚©æ·ºè†šè‰²
ğŸ¤·ğŸ½â€â™‚ï¸,:man_shrugging_medium_skin_tone:,man shrugging medium skin tone,ç”·äººè³è‚©ä¸­ç­‰è†šè‰²
ğŸ§ğŸ¼â€â™‚ï¸,:man_standing_medium-light_skin_tone:,man standing medium-light skin tone,ç«™è‘—çš„ç”·äººä¸­æ·ºè†šè‰²
ğŸ’ğŸ»â€â™‚ï¸,:man_tipping_hand_light_skin_tone:,man tipping hand light skin tone,ç”·äººå‚¾æ–œæ‰‹æ·ºè†šè‰²
ğŸš¶ğŸ»â€â™‚ï¸,:man_walking_light_skin_tone:,man walking light skin tone,èµ°è·¯çš„ç”·äººæ·ºè†šè‰²
ğŸ‘¨â€ğŸ¦³,:man_white_hair:,man white hair,ç”·äººç™½é ­é«®
ğŸ§Ÿâ€â™‚,:man_zombie:,man zombie,äººæ®­å±
ğŸ¥­,:mango:,mango,èŠ’æœ
ğŸ•°,:mantelpiece_clock:,mantelpiece clock,å£çˆé˜
ğŸ,:maple_leaf:,maple leaf,æ¥“è‘‰
ğŸ¥‹,:martial_arts_uniform:,martial arts uniform,æ­¦è¡“æœ
ğŸ–,:meat_on_bone:,meat on bone,éª¨é ­ä¸Šçš„è‚‰
ğŸ¦¾,:mechanical_arm:,mechanical arm,æ©Ÿæ¢°è‡‚
ğŸ¦¿,:mechanical_leg:,mechanical leg,æ©Ÿæ¢°è…¿
ğŸ¼,:medium-light_skin_tone:,medium-light skin tone,ä¸­æ·ºè†šè‰²
ğŸ“£,:megaphone:,megaphone,æ“´éŸ³å™¨
ğŸˆ,:melon:,melon,ç“œ
ğŸ« ,:melting_face:,melting face,èåŒ–çš„è‡‰
ğŸ“,:memo:,memo,å‚™å¿˜éŒ„
ğŸ‘¬,:men_holding_hands:,men holding hands,æ‰‹ç‰½è‘—æ‰‹çš„ç”·äºº
ğŸ‘¬ğŸ»,:men_holding_hands_light_skin_tone:,men holding hands light skin tone,æ‰‹æ‹‰æ‰‹çš„ç”·å£«æ·ºè†šè‰²
ğŸ‘¯â€â™‚ï¸,:men_with_bunny_ears:,men with bunny ears,å…”å­è€³æœµçš„ç”·äºº
ğŸš¹,:menâ€™s_room:,menâ€™s room,ç”·å»æ‰€
ğŸ§œâ€â™€ï¸,:mermaid:,mermaid,ç¾äººé­š
ğŸ§œğŸ»â€â™€ï¸,:mermaid_light_skin_tone:,mermaid light skin tone,ç¾äººé­šæ·ºè†šè‰²
ğŸ§œğŸ¼â€â™€ï¸,:mermaid_medium-light_skin_tone:,mermaid medium-light skin tone,ç¾äººé­šä¸­æ·ºè†šè‰²
ğŸ§œâ€â™‚ï¸,:merman:,merman,äººé­š
ğŸš‡,:metro:,metro,åœ°éµ
ğŸ¦ ,:microbe:,microbe,å¾®ç”Ÿç‰©
ğŸ¤,:microphone:,microphone,éº¥å…‹é¢¨
ğŸª–,:military_helmet:,military helmet,è»ç”¨é ­ç›”
ğŸŒŒ,:milky_way:,milky way,éŠ€æ²³ç³»
â–,:minus:,minus,æ¸›
ğŸª,:mirror:,mirror,é¡å­
ğŸ—¿,:moai:,moai,æ‘©è‰¾
ğŸ“±,:mobile_phone:,mobile phone,æ‰‹æ©Ÿ
ğŸ“´,:mobile_phone_off:,mobile phone off,æ‰‹æ©Ÿé—œæ©Ÿ
ğŸ¤‘,:money-mouth_face:,money-mouth face,éŒ¢å˜´è‡‰
ğŸ’°,:money_bag:,money bag,éŒ¢è¢‹å­
ğŸ’¸,:money_with_wings:,money with wings,å¸¶ç¿…è†€çš„éŒ¢
ğŸ’,:monkey:,monkey,çŒ´
ğŸ›¥,:motor_boat:,motor boat,æ‘©æ‰˜è‰‡
ğŸ›µ,:motor_scooter:,motor scooter,å°å‹æ‘©æ‰˜è»Š
ğŸï¸,:motorcycle:,motorcycle,æ‘©æ‰˜è»Š
ğŸ,:motorcycle:,motorcycle,æ‘©æ‰˜è»Š
ğŸ—»,:mount_fuji:,mount fuji,å¯Œå£«å±±
â›°ï¸,:mountain:,mountain,å±±
â›°,:mountain:,mountain,å±±
ğŸ­,:mouse_face:,mouse face,è€é¼ è‡‰
ğŸ‘„,:mouth:,mouth,å˜´
ğŸ¥,:movie_camera:,movie camera,é›»å½±æ”å½±æ©Ÿ
âœ–ï¸,:multiply:,multiply,ä¹˜
ğŸ„,:mushroom:,mushroom,è˜‘è‡
ğŸ¹,:musical_keyboard:,musical keyboard,éŸ³æ¨‚éµç›¤
ğŸµ,:musical_note:,musical note,éŸ³ç¬¦
ğŸ¶,:musical_notes:,musical notes,éŸ³ç¬¦
ğŸ¼,:musical_score:,musical score,æ¨‚è­œ
ğŸ”‡,:muted_speaker:,muted speaker,éœéŸ³æšè²å™¨
ğŸ’…,:nail_polish:,nail polish,æŒ‡ç”²æ²¹
ğŸ’…ğŸ»,:nail_polish_light_skin_tone:,nail polish light skin tone,æŒ‡ç”²æ²¹æ·ºè†šè‰²
ğŸ’…ğŸ¼,:nail_polish_medium-light_skin_tone:,nail polish medium-light skin tone,æŒ‡ç”²æ²¹ä¸­æ·ºè†šè‰²
ğŸ,:national_park:,national park,åœ‹å®¶å…¬åœ’
ğŸ¤¢,:nauseated_face:,nauseated face,å™å¿ƒçš„è‡‰
ğŸ‘”,:necktie:,necktie,é ˜å¸¶
ğŸ¤“,:nerd_face:,nerd face,æ›¸å‘†å­è‡‰
ğŸ˜,:neutral_face:,neutral face,ä¸­æ€§è‡‰
ğŸŒ‘,:new_moon:,new moon,æ–°æœˆ
ğŸŒš,:new_moon_face:,new moon face,æ–°æœˆè‡‰
â­ï¸,:next_track_button:,next track button,ä¸‹ä¸€é¦–æ›²ç›®æŒ‰éˆ•
â­,:next_track_button:,next track button,ä¸‹ä¸€é¦–æ›²ç›®æŒ‰éˆ•
ğŸŒƒ,:night_with_stars:,night with stars,æœ‰æ˜Ÿæ˜Ÿçš„å¤œæ™š
ğŸ•˜,:nine_oâ€™clock:,nine oâ€™clock,ä¹é»é˜
ğŸ¥·,:ninja:,ninja,å¿è€…
ğŸ¥·ğŸ»,:ninja_light_skin_tone:,ninja light skin tone,å¿è€…æ·ºè†šè‰²
â›”,:no_entry:,no entry,ç¦æ­¢é§›å…¥
ğŸš·,:no_pedestrians:,no pedestrians,è¡Œäººç¦æ­¢é€šè¡Œ
ğŸš­,:no_smoking:,no smoking,ç¦æ­¢æŠ½ç…™
ğŸ‘ƒ,:nose:,nose,é¼»å­
ğŸ‘ƒğŸ»,:nose_light_skin_tone:,nose light skin tone,é¼»å­æ·ºè†šè‰²
ğŸ““,:notebook:,notebook,ç­†è¨˜æœ¬
ğŸ“”,:notebook_with_decorative_cover:,notebook with decorative cover,å¸¶è£é£¾å°é¢çš„ç­†è¨˜æœ¬
ğŸ™,:octopus:,octopus,ç« é­š
ğŸ¢,:oden:,oden,é—œæ±ç…®
ğŸ‘¹,:ogre:,ogre,é£Ÿäººé­”
ğŸ‘´ğŸ¾,:old_man_medium-dark_skin_tone:,old man medium-dark skin tone,è€äººä¸­é»‘è†šè‰²
ğŸ‘´ğŸ¼,:old_man_medium-light_skin_tone:,old man medium-light skin tone,è€äººä¸­æ·ºè†šè‰²
ğŸ‘µ,:old_woman:,old woman,è€å¤ªå©†
ğŸ‘µğŸ»,:old_woman_light_skin_tone:,old woman light skin tone,è€å¥³äººæ·ºè†šè‰²
ğŸš˜,:oncoming_automobile:,oncoming automobile,è¿é¢è€Œä¾†çš„æ±½è»Š
ğŸ‘Š,:oncoming_fist:,oncoming fist,è¿é¢è€Œä¾†çš„æ‹³é ­
ğŸ‘ŠğŸ»,:oncoming_fist_light_skin_tone:,oncoming fist light skin tone,è¿é¢è€Œä¾†çš„æ‹³é ­æ·ºè†šè‰²
ğŸ©±,:one-piece_swimsuit:,one-piece swimsuit,é€£é«”æ³³è¡£
ğŸ•,:one_oâ€™clock:,one oâ€™clock,ä¸€é»é˜
ğŸ“–,:open_book:,open book,æ‰“é–‹æ›¸
ğŸ“‚,:open_file_folder:,open file folder,æ‰“é–‹æ–‡ä»¶å¤¾
ğŸ‘,:open_hands:,open hands,å¼µé–‹é›™æ‰‹
ğŸ‘ğŸ¿,:open_hands_dark_skin_tone:,open hands dark skin tone,å¼µé–‹é›™æ‰‹ æ·±è‰²è†šè‰²
ğŸ‘ğŸ»,:open_hands_light_skin_tone:,open hands light skin tone,å¼µé–‹é›™æ‰‹æ·ºè†šè‰²
ğŸ“¬,:open_mailbox_with_raised_flag:,open mailbox with raised flag,æ‰“é–‹å¸¶æœ‰å‡æ——çš„éƒµç®±
ğŸ§¡,:orange_heart:,orange heart,æ©™å¿ƒ
ğŸ¦¦,:otter:,otter,çº
ğŸ¦‰,:owl:,owl,è²“é ­é·¹
ğŸ‚,:ox:,ox,ç‰›
ğŸ¦ª,:oyster:,oyster,ç‰¡è £
ğŸ“¦,:package:,package,åŒ…è£¹
ğŸ–Œ,:paintbrush:,paintbrush,ç•«ç­†
ğŸŒ´,:palm_tree:,palm tree,æ£•æ«šæ¨¹
ğŸ«´ğŸ»,:palm_up_hand_light_skin_tone:,palm up hand light skin tone,æŒå¿ƒæœä¸Šæ‰‹è¼ƒæ·ºè†šè‰²
ğŸ¤²,:palms_up_together:,palms up together,é›™æ‰‹åˆå
ğŸ¤²ğŸ»,:palms_up_together_light_skin_tone:,palms up together light skin tone,æ‰‹å¿ƒå‘ä¸Š æ·ºè†šè‰²
ğŸ¥,:pancakes:,pancakes,è–„ç…é¤…
ğŸ¼,:panda:,panda,ç†Šè²“
ğŸ“,:paperclip:,paperclip,å›å½¢é‡
ğŸ¦œ,:parrot:,parrot,é¸šéµ¡
ğŸ‰,:party_popper:,party popper,ç¦®èŠ±
ğŸ¥³,:partying_face:,partying face,æ´¾å°è‡‰
ğŸ¾,:paw_prints:,paw prints,æŒå°
ğŸ‘,:peach:,peach,æ¡ƒ
ğŸ¥œ,:peanuts:,peanuts,èŠ±ç”Ÿ
ğŸ,:pear:,pear,æ¢¨
âœï¸,:pencil:,pencil,é‰›ç­†
âœ,:pencil:,pencil,é‰›ç­†
ğŸ§,:penguin:,penguin,ä¼éµ
ğŸ˜”,:pensive_face:,pensive face,æ²‰æ€çš„è‡‰
ğŸ«‚,:people_hugging:,people hugging,äººå€‘æ“æŠ±
ğŸ‘¯,:people_with_bunny_ears:,people with bunny ears,æœ‰å…”è€³æœµçš„äºº
ğŸ¤¼,:people_wrestling:,people wrestling,äººå€‘æ‘”è·¤
ğŸ˜£,:persevering_face:,persevering face,å …æ¯…çš„è‡‰
ğŸ§‘,:person:,person,äºº
ğŸš´,:person_biking:,person biking,é¨è‡ªè¡Œè»Šçš„äºº
ğŸš´ğŸ»,:person_biking_light_skin_tone:,person biking light skin tone,é¨è‡ªè¡Œè»Šçš„äººæ·ºè†šè‰²
â›¹ï¸,:person_bouncing_ball:,person bouncing ball,äººå½ˆè·³çƒ
ğŸ™‡,:person_bowing:,person bowing,é èº¬çš„äºº
ğŸ™‡ğŸ»,:person_bowing_light_skin_tone:,person bowing light skin tone,é èº¬çš„äººæ·ºè†šè‰²
ğŸ§‘ğŸ¿â€ğŸ¦±,:person_dark_skin_tone_curly_hair:,person dark skin tone curly hair,äººæ·±è‰²è†šè‰²æ²é«®
ğŸ¤¦,:person_facepalming:,person facepalming,äººè‡‰
ğŸ§‘â€ğŸ¼,:person_feeding_baby:,person feeding baby,é¤µé¤Šå¬°å…’çš„äºº
ğŸ™…ğŸ»,:person_gesturing_NO_light_skin_tone:,person gesturing NO light skin tone,æ‰“æ‰‹å‹¢çš„äººæ²’æœ‰æ·ºè†šè‰²
ğŸ’†,:person_getting_massage:,person getting massage,æ­£åœ¨æŒ‰æ‘©çš„äºº
ğŸ§˜ğŸ»,:person_in_lotus_position_light_skin_tone:,person in lotus position light skin tone,ç›¤è“®èŠ±çš„äººæ·ºè†šè‰²
ğŸ¤µğŸ»,:person_in_tuxedo_light_skin_tone:,person in tuxedo light skin tone,ç©¿ç‡•å°¾æœçš„æ·ºè†šè‰²äºº
ğŸ¤¹,:person_juggling:,person juggling,äººé›œè€
ğŸ‹ï¸,:person_lifting_weights:,person lifting weights,èˆ‰é‡çš„äºº
ğŸ§”ğŸ»,:person_light_skin_tone_beard:,person light skin tone beard,äººæ·ºè†šè‰²é¬å­
ğŸ‘±ğŸ»,:person_light_skin_tone_blond_hair:,person light skin tone blond hair,äººæ·ºè†šè‰²é‡‘ç™¼
ğŸ§‘ğŸ»â€ğŸ¦±,:person_light_skin_tone_curly_hair:,person light skin tone curly hair,äººç‰©æ·ºè†šè‰²æ²é«®
ğŸ§‘ğŸ¼â€ğŸ¦³,:person_medium-light_skin_tone_white_hair:,person medium-light skin tone white hair,äººä¸­æ·ºè†šè‰²ç™½é ­é«®
ğŸ™‹,:person_raising_hand:,person raising hand,èˆ‰æ‰‹çš„äºº
ğŸ™‹ğŸ»,:person_raising_hand_light_skin_tone:,person raising hand light skin tone,èˆ‰æ‰‹çš„äººæ·ºè†šè‰²
ğŸ™‹ğŸ¼,:person_raising_hand_medium-light_skin_tone:,person raising hand medium-light skin tone,èˆ‰æ‰‹çš„äººä¸­æ·ºè†šè‰²
ğŸƒ,:person_running:,person running,è·‘æ­¥çš„äºº
ğŸƒğŸ»,:person_running_light_skin_tone:,person running light skin tone,è·‘æ­¥çš„äººæ·ºè†šè‰²
ğŸ¤·,:person_shrugging:,person shrugging,è³è‚©çš„äºº
ğŸ¤·ğŸ»,:person_shrugging_light_skin_tone:,person shrugging light skin tone,è³è‚©çš„äººæ·ºè†šè‰²
ğŸ„,:person_surfing:,person surfing,è¡æµªçš„äºº
ğŸŠ,:person_swimming:,person swimming,æ¸¸æ³³çš„äºº
ğŸ›€,:person_taking_bath:,person taking bath,æ´—æ¾¡çš„äºº
ğŸ›€ğŸ¾,:person_taking_bath_medium-dark_skin_tone:,person taking bath medium-dark skin tone,æ­£åœ¨æ´—æ¾¡çš„äºº-ä¸­æ·±è†šè‰²
ğŸ’,:person_tipping_hand:,person tipping hand,äººå‚¾æ–œçš„æ‰‹
ğŸš¶ğŸ»,:person_walking_light_skin_tone:,person walking light skin tone,èµ°è·¯çš„äººæ·ºè†šè‰²
ğŸ‘°ğŸ»,:person_with_veil_light_skin_tone:,person with veil light skin tone,é¢ç´—æ·ºè†šè‰²çš„äºº
ğŸ–,:pig:,pig,è±¬
ğŸ·,:pig_face:,pig face,è±¬è‡‰
ğŸ½,:pig_nose:,pig nose,è±¬é¼»å­
ğŸ’©,:pile_of_poo:,pile of poo,ä¸€å †ä¾¿ä¾¿
ğŸ’Š,:pill:,pill,ä¸¸
ğŸ¤,:pinching_hand:,pinching hand,ææ‰‹
ğŸ¤ğŸ»,:pinching_hand_light_skin_tone:,pinching hand light skin tone,ææ‰‹æ·ºè†šè‰²
ğŸ,:pineapple:,pineapple,è è˜¿
ğŸ“,:ping_pong:,ping pong,ä¹’ä¹“
ğŸ´â€â˜ ï¸,:pirate_flag:,pirate flag,æµ·ç›œæ——
ğŸ•,:pizza:,pizza,æ¯”è–©
ğŸª§,:placard:,placard,æ¨™èªç‰Œ
â–¶ï¸,:play_button:,play button,æ’­æ”¾æŒ‰éˆ•
ğŸ¥º,:pleading_face:,pleading face,æ‡‡æ±‚çš„è‡‰
â•,:plus:,plus,åŠ 
ğŸ»â€â„ï¸,:polar_bear:,polar bear,åŒ—æ¥µç†Š
ğŸš¨,:police_car_light:,police car light,è­¦è»Šç‡ˆ
ğŸ‘®,:police_officer:,police officer,è­¦å®˜
ğŸ©,:poodle:,poodle,è²´è³“çŠ¬
ğŸ±,:pool_8_ball:,pool 8 ball,æ±  8 çƒ
ğŸ¿,:popcorn:,popcorn,çˆ†ç±³èŠ±
ğŸ“®,:postbox:,postbox,éƒµç®±
ğŸ²,:pot_of_food:,pot of food,ä¸€é‹é£Ÿç‰©
ğŸ¥”,:potato:,potato,åœŸè±†
ğŸª´,:potted_plant:,potted plant,ç›†æ ½
ğŸ—,:poultry_leg:,poultry leg,å®¶ç¦½è…¿
ğŸ˜¾,:pouting_cat:,pouting cat,å™˜å˜´çš„è²“
ğŸ¤°,:pregnant_woman:,pregnant woman,æ‡·å­•çš„å¥³äºº
ğŸ¤°ğŸ»,:pregnant_woman_light_skin_tone:,pregnant woman light skin tone,å­•å©¦æ·ºè†šè‰²
ğŸ¤´,:prince:,prince,ç‹å­
ğŸ¤´ğŸ»,:prince_light_skin_tone:,prince light skin tone,ç‹å­æ·ºè†šè‰²
ğŸ‘¸,:princess:,princess,å…¬ä¸»
ğŸ‘¸ğŸ»,:princess_light_skin_tone:,princess light skin tone,å…¬ä¸»æ·ºè†šè‰²
ğŸ‘¸ğŸ¼,:princess_medium-light_skin_tone:,princess medium-light skin tone,å…¬ä¸»ä¸­æ·ºè†šè‰²
ğŸš«,:prohibited:,prohibited,ç¦æ­¢çš„
ğŸŸ£,:purple_circle:,purple circle,ç´«è‰²åœ“åœˆ
ğŸ’œ,:purple_heart:,purple heart,ç´«å¿ƒ
ğŸ‘›,:purse:,purse,éŒ¢åŒ…
ğŸ“Œ,:pushpin:,pushpin,åœ–é‡˜
ğŸ§©,:puzzle_piece:,puzzle piece,ä¸€å¡Šæ‹¼åœ–
ğŸ‡,:rabbit:,rabbit,å…”å­
ğŸ°,:rabbit_face:,rabbit face,å…”è‡‰
ğŸï¸,:racing_car:,racing car,è³½è»Š
ğŸ”˜,:radio_button:,radio button,å–®é¸æŒ‰éˆ•
ğŸšƒ,:railway_car:,railway car,ç«è»Šè»Šå»‚
ğŸŒˆ,:rainbow:,rainbow,å½©è™¹
âœŠ,:raised_fist:,raised fist,èˆ‰èµ·æ‹³é ­
âœŠğŸ»,:raised_fist_light_skin_tone:,raised fist light skin tone,èˆ‰èµ·æ‹³é ­æ·ºè†šè‰²
âœ‹,:raised_hand:,raised hand,èˆ‰æ‰‹
âœ‹ğŸ»,:raised_hand_light_skin_tone:,raised hand light skin tone,èˆ‰æ‰‹æ·ºè†šè‰²
ğŸ™Œ,:raising_hands:,raising hands,èˆ‰æ‰‹
ğŸ™ŒğŸ¿,:raising_hands_dark_skin_tone:,raising hands dark skin tone,èˆ‰æ‰‹ æ·±è‰²è†šè‰²
ğŸ™ŒğŸ»,:raising_hands_light_skin_tone:,raising hands light skin tone,èˆ‰æ‰‹ æ·ºè†šè‰²
ğŸ™ŒğŸ¾,:raising_hands_medium-dark_skin_tone:,raising hands medium-dark skin tone,èˆ‰æ‰‹-ä¸­ç­‰-æ·±è†šè‰²
ğŸ™ŒğŸ¼,:raising_hands_medium-light_skin_tone:,raising hands medium-light skin tone,èˆ‰æ‰‹ ä¸­æ·ºè†šè‰²
ğŸ,:ram:,ram,å…§å­˜
ğŸ§¾,:receipt:,receipt,æ”¶æ“š
â™»ï¸,:recycling_symbol:,recycling symbol,å›æ”¶ç¬¦è™Ÿ
ğŸ,:red_apple:,red apple,ç´…è˜‹æœ
ğŸ”´,:red_circle:,red circle,ç´…åœˆ
ğŸ§§,:red_envelope:,red envelope,ç´…ä¿¡å°
â—,:red_exclamation_mark:,red exclamation mark,ç´…è‰²æ„Ÿå˜†è™Ÿ
â¤ï¸,:red_heart:,red heart,ç´…å¿ƒ
â¤,:red_heart:,red heart,ç´…å¿ƒ
ğŸ®,:red_paper_lantern:,red paper lantern,ç´…ç´™ç‡ˆç± 
â“,:red_question_mark:,red question mark,ç´…è‰²å•è™Ÿ
ğŸ”»,:red_triangle_pointed_down:,red triangle pointed down,ç´…è‰²ä¸‰è§’å½¢æœä¸‹
ğŸ”º,:red_triangle_pointed_up:,red triangle pointed up,ç´…è‰²ä¸‰è§’å½¢æœä¸Š
Â®ï¸,:registered:,registered,æ›è™Ÿçš„
Â®,:registered:,registered,æ›è™Ÿçš„
ğŸ˜Œ,:relieved_face:,relieved face,é¬†äº†ä¸€å£æ°£çš„è‡‰
ğŸ—,:reminder_ribbon:,reminder ribbon,æé†’çµ²å¸¶
â›‘ï¸,:rescue_workerâ€™s_helmet:,rescue workerâ€™s helmet,æ•‘æ´äººå“¡é ­ç›”
ğŸ’,:revolving_hearts:,revolving hearts,æ—‹è½‰çš„å¿ƒ
ğŸ€,:ribbon:,ribbon,çµ²å¸¶
ğŸ™,:rice_ball:,rice ball,é£¯ç³°
ğŸ˜,:rice_cracker:,rice cracker,ç±³é¤…
ğŸ¤œğŸ»,:right-facing_fist_light_skin_tone:,right-facing fist light skin tone,æœå³çš„æ‹³é ­æ·ºè†šè‰²
ğŸ¤œğŸ¼,:right-facing_fist_medium-light_skin_tone:,right-facing fist medium-light skin tone,å³æ‰‹æ¡æ‹³ä¸­æ·ºè†šè‰²
â¡ï¸,:right_arrow:,right arrow,å³ç®­é ­
â¤´ï¸,:right_arrow_curving_up:,right arrow curving up,å‘ä¸Šå½æ›²çš„å³ç®­é ­
ğŸ’,:ring:,ring,æˆ’æŒ‡
ğŸª,:ringed_planet:,ringed planet,ç’°å½¢è¡Œæ˜Ÿ
ğŸ ,:roasted_sweet_potato:,roasted sweet potato,çƒ¤åœ°ç“œ
ğŸ¤–,:robot:,robot,æ©Ÿå™¨äºº
ğŸª¨,:rock:,rock,å²©çŸ³
ğŸš€,:rocket:,rocket,ç«ç®­
ğŸ§»,:roll_of_paper:,roll of paper,ä¸€æ²ç´™
ğŸ¢,:roller_coaster:,roller coaster,éå±±è»Š
ğŸ›¼,:roller_skate:,roller skate,æ—±å†°é‹
ğŸ¤£,:rolling_on_the_floor_laughing:,rolling on the floor laughing,ç¬‘å¾—åœ¨åœ°ä¸Šæ‰“æ»¾
ğŸ“,:rooster:,rooster,å…¬é›
ğŸŒ¹,:rose:,rose,ç«ç‘°
ğŸµ,:rosette:,rosette,èŠ±ç’°
ğŸ“,:round_pushpin:,round pushpin,åœ“å½¢åœ–é‡˜
ğŸ½,:running_shirt:,running shirt,è·‘æ­¥è¡«
ğŸ‘Ÿ,:running_shoe:,running shoe,è·‘é‹
ğŸ˜¥,:sad_but_relieved_face:,sad but relieved face,æ‚²å‚·ä½†å¦‚é‡‹é‡è² çš„è‡‰
â›µ,:sailboat:,sailboat,å¸†èˆ¹
ğŸ¶,:sake:,sake,æ¸…é…’
ğŸ§‚,:salt:,salt,é¹½
ğŸ«¡,:saluting_face:,saluting face,æ•¬ç¦®çš„è‡‰
ğŸ¥ª,:sandwich:,sandwich,ä¸‰æ˜æ²»
ğŸ¦•,:sauropod:,sauropod,èœ¥è…³é¡å‹•ç‰©
ğŸ«,:school:,school,å­¸æ ¡
âœ‚ï¸,:scissors:,scissors,å‰ªåˆ€
ğŸ¦‚,:scorpion:,scorpion,è 
ğŸ¦­,:seal:,seal,æµ·è±¹
ğŸ™ˆ,:see-no-evil_monkey:,see-no-evil monkey,ç„¡æƒ¡ä¸ä½œçš„çŒ´å­
ğŸŒ±,:seedling:,seedling,å¹¼è‹—
ğŸ¤³,:selfie:,selfie,è‡ªæ‹
ğŸ¤³ğŸ¿,:selfie_dark_skin_tone:,selfie dark skin tone,è‡ªæ‹æ·±è‰²è†šè‰²
ğŸª¡,:sewing_needle:,sewing needle,ç¸«ç´‰é‡
â˜˜,:shamrock:,shamrock,ä¸‰è‘‰è‰
ğŸ¦ˆ,:shark:,shark,é¯Šé­š
ğŸŒ¾,:sheaf_of_rice:,sheaf of rice,ä¸€æ†ç±³
â›©,:shinto_shrine:,shinto shrine,ç¥ç¤¾
ğŸš¢,:ship:,ship,èˆ¹
ğŸ›,:shopping_bags:,shopping bags,è³¼ç‰©è¢‹
ğŸ›’,:shopping_cart:,shopping cart,è³¼ç‰©è»Š
ğŸ°,:shortcake:,shortcake,è„†é¤…
ğŸ©³,:shorts:,shorts,çŸ­è¤²
ğŸš¿,:shower:,shower,æ·‹æµ´
ğŸ¦,:shrimp:,shrimp,è¦
ğŸ¤«,:shushing_face:,shushing face,å™“è‡‰
ğŸ¤˜,:sign_of_the_horns:,sign of the horns,è§’çš„æ¨™èªŒ
ğŸ¤˜ğŸ»,:sign_of_the_horns_light_skin_tone:,sign of the horns light skin tone,ç‰›è§’æ¨™èªŒæ·ºè†šè‰²
ğŸ›¹,:skateboard:,skateboard,æ»‘æ¿
ğŸ’€,:skull:,skull,é¡±éª¨
â˜ ï¸,:skull_and_crossbones:,skull and crossbones,éª·é«å’Œäº¤å‰éª¨
ğŸ¦¨,:skunk:,skunk,è‡­é¼¬
ğŸ˜´,:sleeping_face:,sleeping face,ç¡è‡‰
ğŸ˜ª,:sleepy_face:,sleepy face,å›°å€¦çš„è‡‰
ğŸ™,:slightly_frowning_face:,slightly frowning face,å¾®å¾®çšºçœ‰çš„è‡‰
ğŸ™‚,:slightly_smiling_face:,slightly smiling face,å¾®å¾®ç¬‘çš„è‡‰
ğŸ¦¥,:sloth:,sloth,æ¨¹æ‡¶
ğŸ”¹,:small_blue_diamond:,small blue diamond,å°è—é‘½
ğŸ”¸,:small_orange_diamond:,small orange diamond,å°æ©™è‰²é‘½çŸ³
ğŸ˜»,:smiling_cat_with_heart-eyes:,smiling cat with heart-eyes,å¸¶è‘—å¿ƒå½¢çœ¼ç›çš„å¾®ç¬‘è²“
â˜ºï¸,:smiling_face:,smiling face,å¾®ç¬‘çš„é¢å­”
â˜º,:smiling_face:,smiling face,å¾®ç¬‘çš„é¢å­”
ğŸ˜‡,:smiling_face_with_halo:,smiling face with halo,å¸¶å…‰ç’°çš„ç¬‘è‡‰
ğŸ˜,:smiling_face_with_heart-eyes:,smiling face with heart-eyes,å¿ƒçœ¼ç¬‘è‡‰
ğŸ¥°,:smiling_face_with_hearts:,smiling face with hearts,ç¬‘è‡‰èˆ‡å¿ƒ
ğŸ˜ˆ,:smiling_face_with_horns:,smiling face with horns,å¸¶è§’çš„ç¬‘è‡‰
ğŸ¤—,:smiling_face_with_open_hands:,smiling face with open hands,å¼µé–‹é›™æ‰‹çš„ç¬‘è‡‰
ğŸ˜Š,:smiling_face_with_smiling_eyes:,smiling face with smiling eyes,å¾®ç¬‘çš„è‡‰å’Œå¾®ç¬‘çš„çœ¼ç›
ğŸ˜,:smiling_face_with_sunglasses:,smiling face with sunglasses,å¸¶è‘—å¢¨é¡çš„ç¬‘è‡‰
ğŸ¥²,:smiling_face_with_tear:,smiling face with tear,å«æ·šçš„ç¬‘è‡‰
ğŸ˜,:smirking_face:,smirking face,å‚»ç¬‘çš„è‡‰
ğŸŒ,:snail:,snail,è¸ç‰›
ğŸ,:snake:,snake,è›‡
ğŸ¤§,:sneezing_face:,sneezing face,æ‰“å™´åšçš„è‡‰
ğŸ”,:snow-capped_mountain:,snow-capped mountain,é›ªå±±
ğŸ‚,:snowboarder:,snowboarder,å–®æ¿æ»‘é›ªè€…
â„ï¸,:snowflake:,snowflake,é›ªèŠ±
â„,:snowflake:,snowflake,é›ªèŠ±
â˜ƒï¸,:snowman:,snowman,é›ªäºº
â˜ƒ,:snowman:,snowman,é›ªäºº
â›„,:snowman_without_snow:,snowman without snow,æ²’æœ‰é›ªçš„é›ªäºº
ğŸ§¼,:soap:,soap,è‚¥çš‚
âš½,:soccer_ball:,soccer ball,è¶³çƒ
ğŸ§¦,:socks:,socks,è¥ªå­
ğŸ¦,:soft_ice_cream:,soft ice cream,è»Ÿå†°æ·‡æ·‹
â™ ,:spade_suit:,spade suit,é»‘æ¡ƒèŠ±è‰²
ğŸ‡,:sparkler:,sparkler,ç…™ç«
âœ¨,:sparkles:,sparkles,é–ƒé–ƒç™¼å…‰
ğŸ’–,:sparkling_heart:,sparkling heart,é–ƒé–ƒç™¼å…‰çš„å¿ƒ
ğŸ™Š,:speak-no-evil_monkey:,speak-no-evil monkey,ä¸èªªå£è©±çš„çŒ´å­
ğŸ”Š,:speaker_high_volume:,speaker high volume,æšè²å™¨é«˜éŸ³é‡
ğŸ—£ï¸,:speaking_head:,speaking head,èªªè©±çš„é ­
ğŸ—£,:speaking_head:,speaking head,èªªè©±çš„é ­
ğŸ’¬,:speech_balloon:,speech balloon,èªéŸ³æ°£çƒ
ğŸ•·,:spider:,spider,èœ˜è››
ğŸ—“,:spiral_calendar:,spiral calendar,èºæ—‹æ—¥æ›†
ğŸ—’ï¸,:spiral_notepad:,spiral notepad,èºæ—‹è¨˜äº‹æœ¬
ğŸš,:spiral_shell:,spiral shell,èº
ğŸ¥„,:spoon:,spoon,å‹ºå­
ğŸ…,:sports_medal:,sports medal,é‹å‹•çç‰Œ
ğŸ³,:spouting_whale:,spouting whale,å™´æ°´çš„é¯¨é­š
ğŸ¦‘,:squid:,squid,çƒè³Š
ğŸ˜,:squinting_face_with_tongue:,squinting face with tongue,ç”¨èˆŒé ­ç‡è‘—è‡‰
â­,:star:,star,æ˜Ÿæ˜Ÿ
ğŸ¤©,:star-struck:,star-struck,è¿½æ˜Ÿ
â˜ª,:star_and_crescent:,star and crescent,æ˜Ÿæ˜Ÿå’Œæ–°æœˆ
ğŸœ,:steaming_bowl:,steaming bowl,è’¸ç¢—
ğŸ©º,:stethoscope:,stethoscope,è½è¨ºå™¨
ğŸ›‘,:stop_sign:,stop sign,åœæ­¢æ¨™èªŒ
â±,:stopwatch:,stopwatch,è·‘è¡¨
ğŸ“,:straight_ruler:,straight ruler,ç›´å°º
ğŸ“,:strawberry:,strawberry,è‰è“
ğŸ™ï¸,:studio_microphone:,studio microphone,å·¥ä½œå®¤è©±ç­’
ğŸ¥™,:stuffed_flatbread:,stuffed flatbread,é‡€å¤§é¤…
â˜€ï¸,:sun:,sun,å¤ªé™½
â˜€,:sun:,sun,å¤ªé™½
â›…,:sun_behind_cloud:,sun behind cloud,é›²å¾Œçš„å¤ªé™½
ğŸŒ¥ï¸,:sun_behind_large_cloud:,sun behind large cloud,åœ¨å¤§é›²å½©å¾Œçš„å¤ªé™½
ğŸŒ¥,:sun_behind_large_cloud:,sun behind large cloud,åœ¨å¤§é›²å½©å¾Œçš„å¤ªé™½
ğŸŒ¦ï¸,:sun_behind_rain_cloud:,sun behind rain cloud,é›¨é›²å¾Œé¢çš„å¤ªé™½
ğŸŒ¤,:sun_behind_small_cloud:,sun behind small cloud,å°é›²å¾Œé¢çš„å¤ªé™½
ğŸŒ,:sun_with_face:,sun with face,å¤ªé™½èˆ‡è‡‰
ğŸŒ»,:sunflower:,sunflower,å‘æ—¥è‘µ
ğŸ•¶ï¸,:sunglasses:,sunglasses,å¤ªé™½é¡
ğŸ•¶,:sunglasses:,sunglasses,å¤ªé™½é¡
ğŸŒ…,:sunrise:,sunrise,æ—¥å‡º
ğŸŒ„,:sunrise_over_mountains:,sunrise over mountains,å±±ä¸Šçš„æ—¥å‡º
ğŸŒ‡,:sunset:,sunset,æ—¥è½
ğŸ£,:sushi:,sushi,å£½å¸
ğŸ¦¢,:swan:,swan,å¤©éµ
ğŸ’¦,:sweat_droplets:,sweat droplets,æ±—æ»´
ğŸ’‰,:syringe:,syringe,æ³¨å°„å™¨
ğŸ‘•,:t-shirt:,t-shirt,Tå¹
ğŸŒ®,:taco:,taco,ç‚¸ç‰ç±³é¤…
ğŸ‹,:tanabata_tree:,tanabata tree,ä¸ƒå¤•æ¨¹
ğŸŠ,:tangerine:,tangerine,æŸ‘æ©˜
ğŸµ,:teacup_without_handle:,teacup without handle,æ²’æœ‰æŠŠæ‰‹çš„èŒ¶æ¯
ğŸ«–,:teapot:,teapot,èŒ¶å£º
ğŸ“†,:tear-off_calendar:,tear-off calendar,æ’•ä¸‹æ—¥æ›†
ğŸ§‘â€ğŸ’»,:technologist:,technologist,æŠ€å¸«
ğŸ§¸,:teddy_bear:,teddy bear,ç©å…·ç†Š
â˜ï¸,:telephone:,telephone,é›»è©±
ğŸ“,:telephone_receiver:,telephone receiver,è½ç­’
ğŸ”­,:telescope:,telescope,æœ›é é¡
ğŸ“º,:television:,television,é›»è¦–
ğŸ¾,:tennis:,tennis,ç¶²çƒ
â›º,:tent:,tent,å¸³ç¯·
ğŸ¤”,:thinking_face:,thinking face,æ€è€ƒçš„è‡‰
ğŸ©´,:thong_sandal:,thong sandal,å¤¾è¶¾æ¶¼é‹
ğŸ’­,:thought_balloon:,thought balloon,æ€æƒ³æ°£çƒ
ğŸ•’,:three_oâ€™clock:,three oâ€™clock,ä¸‰é»æ•´
ğŸ‘,:thumbs_down:,thumbs down,ä¸çœ‹å¥½
ğŸ‘,:thumbs_up:,thumbs up,è±èµ·å¤§æ‹‡æŒ‡
ğŸ‘ğŸ¿,:thumbs_up_dark_skin_tone:,thumbs up dark skin tone,è±èµ·å¤§æ‹‡æŒ‡ æ·±è‰²è†šè‰²
ğŸ‘ğŸ»,:thumbs_up_light_skin_tone:,thumbs up light skin tone,è±èµ·å¤§æ‹‡æŒ‡ æ·ºè†šè‰²
ğŸ‘ğŸ¾,:thumbs_up_medium-dark_skin_tone:,thumbs up medium-dark skin tone,è±èµ·å¤§æ‹‡æŒ‡ ä¸­æ·±è†šè‰²
ğŸ‘ğŸ¼,:thumbs_up_medium-light_skin_tone:,thumbs up medium-light skin tone,è±èµ·å¤§æ‹‡æŒ‡ ä¸­æ·ºè†šè‰²
ğŸ«,:ticket:,ticket,ç¥¨
ğŸ…,:tiger:,tiger,è€è™
ğŸ¯,:tiger_face:,tiger face,è™è‡‰
â²ï¸,:timer_clock:,timer clock,å®šæ™‚å™¨æ™‚é˜
ğŸ˜«,:tired_face:,tired face,ç–²å€¦çš„è‡‰
ğŸš½,:toilet:,toilet,æ´—æ‰‹é–“
ğŸ…,:tomato:,tomato,ç•ªèŒ„
ğŸ‘…,:tongue:,tongue,èˆŒé ­
ğŸ¦·,:tooth:,tooth,é½’
ğŸª¥,:toothbrush:,toothbrush,ç‰™åˆ·
ğŸ©,:top_hat:,top hat,ç¦®å¸½
ğŸŒª,:tornado:,tornado,é¾æ²é¢¨
â„¢,:trade_mark:,trade mark,å•†æ¨™
ğŸš©,:triangular_flag:,triangular flag,ä¸‰è§’æ——
ğŸ†,:trophy:,trophy,æ¯
ğŸ¹,:tropical_drink:,tropical drink,ç†±å¸¶é£²æ–™
ğŸ ,:tropical_fish:,tropical fish,ç†±å¸¶é­š
ğŸŒ·,:tulip:,tulip,é¬±é‡‘é¦™
ğŸ¥ƒ,:tumbler_glass:,tumbler glass,ä¸å€’ç¿ç»ç’ƒ
ğŸ¢,:turtle:,turtle,é¾œ
ğŸ•›,:twelve_oâ€™clock:,twelve oâ€™clock,åäºŒé»
ğŸ’•,:two_hearts:,two hearts,å…©é¡†å¿ƒ
â˜‚ï¸,:umbrella:,umbrella,å‚˜
â›±,:umbrella_on_ground:,umbrella on ground,é›¨å‚˜åœ¨åœ°ä¸Š
â˜”,:umbrella_with_rain_drops:,umbrella with rain drops,å¸¶é›¨æ»´çš„é›¨å‚˜
ğŸ˜’,:unamused_face:,unamused face,ä¸é–‹å¿ƒçš„è‡‰
ğŸ¦„,:unicorn:,unicorn,ç¨è§’ç¸
ğŸ”“,:unlocked:,unlocked,è§£é–
â†–,:up-left_arrow:,up-left arrow,å·¦ä¸Šç®­é ­
â†—ï¸,:up-right_arrow:,up-right arrow,å³ä¸Šç®­é ­
â†—,:up-right_arrow:,up-right arrow,å³ä¸Šç®­é ­
â¬†ï¸,:up_arrow:,up arrow,å‘ä¸Šç®­é ­
â¬†,:up_arrow:,up arrow,å‘ä¸Šç®­é ­
ğŸ™ƒ,:upside-down_face:,upside-down face,é¡›å€’çš„è‡‰
ğŸ”¼,:upwards_button:,upwards button,å‘ä¸ŠæŒ‰éˆ•
ğŸš¦,:vertical_traffic_light:,vertical traffic light,å‚ç›´äº¤é€šç‡ˆ
âœŒï¸,:victory_hand:,victory hand,å‹åˆ©ä¹‹æ‰‹
âœŒ,:victory_hand:,victory hand,å‹åˆ©ä¹‹æ‰‹
âœŒğŸ»,:victory_hand_light_skin_tone:,victory hand light skin tone,å‹åˆ©æ‰‹æ·ºè†šè‰²
âœŒğŸ¾,:victory_hand_medium-dark_skin_tone:,victory hand medium-dark skin tone,å‹åˆ©ä¹‹æ‰‹ä¸­æ·±è†šè‰²
âœŒğŸ¼,:victory_hand_medium-light_skin_tone:,victory hand medium-light skin tone,å‹åˆ©ä¹‹æ‰‹ä¸­æ·ºè†šè‰²
âœŒğŸ½,:victory_hand_medium_skin_tone:,victory hand medium skin tone,å‹åˆ©ä¹‹æ‰‹ä¸­ç­‰è†šè‰²
ğŸ“¹,:video_camera:,video camera,æ”åƒæ©Ÿ
ğŸ®,:video_game:,video game,é›»å­éŠæˆ²
ğŸ»,:violin:,violin,å°æç´
ğŸŒ‹,:volcano:,volcano,ç«å±±
ğŸ,:volleyball:,volleyball,æ’çƒ
ğŸ––ğŸ½,:vulcan_salute_medium_skin_tone:,vulcan salute medium skin tone,vulcan salute ä¸­ç­‰è†šè‰²
ğŸ§‡,:waffle:,waffle,èƒ¡æ‰¯
ğŸŒ˜,:waning_crescent_moon:,waning crescent moon,æ®˜æœˆ
ğŸŒ–,:waning_gibbous_moon:,waning gibbous moon,æ®˜æœˆ
âš ï¸,:warning:,warning,è­¦å‘Š
âš ,:warning:,warning,è­¦å‘Š
ğŸ—‘,:wastebasket:,wastebasket,å»¢ç´™ç°
âŒš,:watch:,watch,æ‰‹éŒ¶
ğŸš¾,:water_closet:,water closet,æ´—æ‰‹é–“
ğŸ”«,:water_pistol:,water pistol,æ°´æ§
ğŸŒŠ,:water_wave:,water wave,æ°´æ³¢
ğŸ‘‹,:waving_hand:,waving hand,æ®æ‰‹
ğŸ‘‹ğŸ»,:waving_hand_light_skin_tone:,waving hand light skin tone,æ®æ‰‹ è¼ƒæ·ºè†šè‰²
ğŸ‘‹ğŸ¾,:waving_hand_medium-dark_skin_tone:,waving hand medium-dark skin tone,æ®æ‰‹ ä¸­æ·±è†šè‰²
ğŸ‘‹ğŸ¼,:waving_hand_medium-light_skin_tone:,waving hand medium-light skin tone,æ®æ‰‹ ä¸­æ·ºè†šè‰²
ã€°ï¸,:wavy_dash:,wavy dash,æ³¢æµªç ´æŠ˜è™Ÿ
ã€°,:wavy_dash:,wavy dash,æ³¢æµªç ´æŠ˜è™Ÿ
ğŸ™€,:weary_cat:,weary cat,ç–²å€¦çš„è²“
ğŸ˜©,:weary_face:,weary face,ç–²æ†Šçš„è‡‰
ğŸ’’,:wedding:,wedding,å©šç¦®
ğŸ‹,:whale:,whale,é¯¨
âšª,:white_circle:,white circle,ç™½è‰²åœ“åœˆ
â•,:white_exclamation_mark:,white exclamation mark,ç™½è‰²æ„Ÿå˜†è™Ÿ
ğŸ’®,:white_flower:,white flower,ç™½è‰²çš„èŠ±
ğŸ¤,:white_heart:,white heart,ç™½å¿ƒ
â—½,:white_medium-small_square:,white medium-small square,ç™½è‰²ä¸­å°æ–¹
â—»ï¸,:white_medium_square:,white medium square,ç™½è‰²ä¸­æ–¹å½¢
â–«ï¸,:white_small_square:,white small square,ç™½è‰²å°æ–¹å¡Š
â–«,:white_small_square:,white small square,ç™½è‰²å°æ–¹å¡Š
ğŸ¥€,:wilted_flower:,wilted flower,æ¯èçš„èŠ±
ğŸ,:wind_chime:,wind chime,é¢¨éˆ´
ğŸŒ¬ï¸,:wind_face:,wind face,é¢¨è‡‰
ğŸŒ¬,:wind_face:,wind face,é¢¨è‡‰
ğŸªŸ,:window:,window,çª—æˆ¶
ğŸ·,:wine_glass:,wine glass,ç´…é…’æ¯
ğŸ˜‰,:winking_face:,winking face,çœ¨çœ¼çš„è‡‰
ğŸ˜œ,:winking_face_with_tongue:,winking face with tongue,ç”¨èˆŒé ­çœ¨çœ¼
ğŸº,:wolf:,wolf,ç‹¼
ğŸ‘©,:woman:,woman,å¥³å£«
ğŸ‘«,:woman_and_man_holding_hands:,woman and man holding hands,æ‰‹ç‰½è‘—æ‰‹çš„å¥³äººå’Œç”·äºº
ğŸ‘«ğŸ»,:woman_and_man_holding_hands_light_skin_tone:,woman and man holding hands light skin tone,æ‰‹æ‹‰æ‰‹çš„å¥³äººå’Œç”·äººæ·ºè†šè‰²
ğŸ‘©ğŸ»â€ğŸ¤â€ğŸ‘¨ğŸ¾,:woman_and_man_holding_hands_light_skin_tone_medium-dark_skin_tone:,woman and man holding hands light skin tone medium-dark skin tone,æ‰‹æ‹‰æ‰‹çš„å¥³äººå’Œç”·äººæ·ºè†šè‰²ä¸­ç­‰æ·±è†šè‰²
ğŸ‘©ğŸ»â€ğŸ¨,:woman_artist_light_skin_tone:,woman artist light skin tone,å¥³è—è¡“å®¶æ·ºè†šè‰²
ğŸš´â€â™€ï¸,:woman_biking:,woman biking,å¥³äººé¨è‡ªè¡Œè»Š
ğŸš´ğŸ»â€â™€ï¸,:woman_biking_light_skin_tone:,woman biking light skin tone,é¨è‡ªè¡Œè»Šçš„å¥³äººæ·ºè†šè‰²
ğŸ™‡â€â™€ï¸,:woman_bowing:,woman bowing,å¥³äººé èº¬
ğŸ™‡â€â™€,:woman_bowing:,woman bowing,å¥³äººé èº¬
ğŸ™‡ğŸ»â€â™€ï¸,:woman_bowing_light_skin_tone:,woman bowing light skin tone,é èº¬çš„å¥³äººæ·ºè†šè‰²
ğŸ™‡ğŸ½â€â™€ï¸,:woman_bowing_medium_skin_tone:,woman bowing medium skin tone,é èº¬çš„å¥³äººä¸­ç­‰è†šè‰²
ğŸ¤¸ğŸ»â€â™€ï¸,:woman_cartwheeling_light_skin_tone:,woman cartwheeling light skin tone,å¥³äººå´æ‰‹ç¿»è¼ƒæ·ºè†šè‰²
ğŸ§—ğŸ»â€â™€ï¸,:woman_climbing_light_skin_tone:,woman climbing light skin tone,æ”€çˆ¬çš„å¥³äººæ·ºè†šè‰²
ğŸ‘©â€ğŸ³,:woman_cook:,woman cook,å¥³å»šå¸«
ğŸ‘©ğŸ»â€ğŸ³,:woman_cook_light_skin_tone:,woman cook light skin tone,å¥³å»šå¸«æ·ºè†šè‰²
ğŸ’ƒ,:woman_dancing:,woman dancing,å¥³äººè·³èˆ
ğŸ’ƒğŸ»,:woman_dancing_light_skin_tone:,woman dancing light skin tone,è·³èˆçš„å¥³äººæ·ºè†šè‰²
ğŸ’ƒğŸ¼,:woman_dancing_medium-light_skin_tone:,woman dancing medium-light skin tone,è·³èˆçš„å¥³äººä¸­æ·ºè†šè‰²
ğŸ’ƒğŸ½,:woman_dancing_medium_skin_tone:,woman dancing medium skin tone,è·³èˆçš„å¥³äººä¸­ç­‰è†šè‰²
ğŸ‘©ğŸ¿,:woman_dark_skin_tone:,woman dark skin tone,å¥³äººæ·±è‰²è†šè‰²
ğŸ‘©ğŸ¿â€ğŸ¦±,:woman_dark_skin_tone_curly_hair:,woman dark skin tone curly hair,å¥³äººæ·±è‰²è†šè‰²æ²é«®
ğŸ‘©ğŸ¿â€ğŸ¦°,:woman_dark_skin_tone_red_hair:,woman dark skin tone red hair,å¥³äººæ·±è‰²è†šè‰²ç´…é ­é«®
ğŸ§ğŸ»â€â™€ï¸,:woman_elf_light_skin_tone:,woman elf light skin tone,å¥³ç²¾éˆæ·ºè†šè‰²
ğŸ¤¦â€â™€ï¸,:woman_facepalming:,woman facepalming,å¥³äººæ‚è‡‰
ğŸ¤¦ğŸ»â€â™€ï¸,:woman_facepalming_light_skin_tone:,woman facepalming light skin tone,å¥³äººæ‚è‡‰æ·ºè†šè‰²
ğŸ¤¦ğŸ»â€â™€,:woman_facepalming_light_skin_tone:,woman facepalming light skin tone,å¥³äººæ‚è‡‰æ·ºè†šè‰²
ğŸ¤¦ğŸ¼â€â™€ï¸,:woman_facepalming_medium-light_skin_tone:,woman facepalming medium-light skin tone,å¥³äººæ‚è‡‰ ä¸­æ·ºè†šè‰²
ğŸ§šâ€â™€ï¸,:woman_fairy:,woman fairy,å¥³ä»™å¥³
ğŸ§šâ€â™€,:woman_fairy:,woman fairy,å¥³ä»™å¥³
ğŸ§šğŸ»â€â™€ï¸,:woman_fairy_light_skin_tone:,woman fairy light skin tone,å¥³ä»™å¥³æ·ºè†šè‰²
ğŸ§šğŸ¾â€â™€ï¸,:woman_fairy_medium-dark_skin_tone:,woman fairy medium-dark skin tone,å¥³ä»™å­ä¸­æ·±è†šè‰²
ğŸ™â€â™€ï¸,:woman_frowning:,woman frowning,å¥³äººçšºè‘—çœ‰é ­
ğŸ™ğŸ»â€â™€ï¸,:woman_frowning_light_skin_tone:,woman frowning light skin tone,çšºçœ‰çš„å¥³äººæ·ºè†šè‰²
ğŸ™…â€â™€ï¸,:woman_gesturing_NO:,woman gesturing NO,å¥³äººæ‰“æ‰‹å‹¢ä¸
ğŸ™…ğŸ»â€â™€ï¸,:woman_gesturing_NO_light_skin_tone:,woman gesturing NO light skin tone,å¥³äººæ‰“æ‰‹å‹¢ æ²’æœ‰æ·ºè†šè‰²
ğŸ™†â€â™€ï¸,:woman_gesturing_OK:,woman gesturing OK,å¥³äººæ‰“æ‰‹å‹¢å¥½
ğŸ™†ğŸ»â€â™€ï¸,:woman_gesturing_OK_light_skin_tone:,woman gesturing OK light skin tone,å¥³äººæ‰“æ‰‹å‹¢ OK æ·ºè†šè‰²
ğŸ™†ğŸ¼â€â™€ï¸,:woman_gesturing_OK_medium-light_skin_tone:,woman gesturing OK medium-light skin tone,å¥³äººåš OK ä¸­ç­‰-æ·ºè†šè‰²æ‰‹å‹¢
ğŸ’‡â€â™€ï¸,:woman_getting_haircut:,woman getting haircut,ç†é«®çš„å¥³äºº
ğŸ’‡ğŸ»â€â™€ï¸,:woman_getting_haircut_light_skin_tone:,woman getting haircut light skin tone,æ­£åœ¨ç†é«®çš„å¥³äººæ·ºè†šè‰²
ğŸ’‡ğŸ¼â€â™€ï¸,:woman_getting_haircut_medium-light_skin_tone:,woman getting haircut medium-light skin tone,æ­£åœ¨ç†é«®çš„å¥³äººä¸­æ·ºè†šè‰²
ğŸ’†â€â™€ï¸,:woman_getting_massage:,woman getting massage,å¥³äººå¾—åˆ°æŒ‰æ‘©
ğŸ’†ğŸ»â€â™€ï¸,:woman_getting_massage_light_skin_tone:,woman getting massage light skin tone,æ¥å—æŒ‰æ‘©çš„å¥³äººæ·ºè†šè‰²
ğŸ’†ğŸ¼â€â™€ï¸,:woman_getting_massage_medium-light_skin_tone:,woman getting massage medium-light skin tone,å¥³äººæ­£åœ¨æ¥å—æŒ‰æ‘©ä¸­æ·ºè†šè‰²
ğŸ§˜ğŸ»â€â™€ï¸,:woman_in_lotus_position_light_skin_tone:,woman in lotus position light skin tone,ç›¤è“®èŠ±çš„å¥³äººæ·ºè†šè‰²
ğŸ§˜ğŸ¼â€â™€ï¸,:woman_in_lotus_position_medium-light_skin_tone:,woman in lotus position medium-light skin tone,ç›¤è“®èŠ±å¥³äººä¸­æ·ºè†šè‰²
ğŸ§â€â™€ï¸,:woman_kneeling:,woman kneeling,è·ªè‘—çš„å¥³äºº
ğŸ‹ğŸ»â€â™€ï¸,:woman_lifting_weights_light_skin_tone:,woman lifting weights light skin tone,å¥³äººèˆ‰é‡æ·ºè†šè‰²
ğŸ‘©ğŸ»,:woman_light_skin_tone:,woman light skin tone,å¥³äººæ·ºè†šè‰²
ğŸ‘±ğŸ»â€â™€ï¸,:woman_light_skin_tone_blond_hair:,woman light skin tone blond hair,å¥³äººæ·ºè†šè‰²é‡‘ç™¼
ğŸ‘©ğŸ»â€ğŸ¦°,:woman_light_skin_tone_red_hair:,woman light skin tone red hair,å¥³äººæ·ºè†šè‰²ç´…é ­é«®
ğŸ‘©ğŸ»â€ğŸ¦³,:woman_light_skin_tone_white_hair:,woman light skin tone white hair,å¥³äººæ·ºè†šè‰²ç™½é ­é«®
ğŸ‘©ğŸ¼,:woman_medium-light_skin_tone:,woman medium-light skin tone,å¥³äººä¸­æ·ºè†šè‰²
ğŸ‘±ğŸ¼â€â™€ï¸,:woman_medium-light_skin_tone_blond_hair:,woman medium-light skin tone blond hair,å¥³äººä¸­æ·ºè†šè‰²é‡‘ç™¼
ğŸ‘©ğŸ¼â€ğŸ¦±,:woman_medium-light_skin_tone_curly_hair:,woman medium-light skin tone curly hair,å¥³äººä¸­æ·ºè†šè‰²æ²é«®
ğŸ‘©ğŸ¼â€ğŸ¦°,:woman_medium-light_skin_tone_red_hair:,woman medium-light skin tone red hair,å¥³äººä¸­æ·ºè†šè‰²ç´…é ­é«®
ğŸ‘©ğŸ»â€âœˆï¸,:woman_pilot_light_skin_tone:,woman pilot light skin tone,å¥³é£›è¡Œå“¡æ·ºè†šè‰²
ğŸ™â€â™€ï¸,:woman_pouting:,woman pouting,å™˜å˜´çš„å¥³äºº
ğŸ™‹â€â™€ï¸,:woman_raising_hand:,woman raising hand,å¥³äººèˆ‰æ‰‹
ğŸ™‹ğŸ»â€â™€ï¸,:woman_raising_hand_light_skin_tone:,woman raising hand light skin tone,èˆ‰æ‰‹çš„å¥³äººæ·ºè†šè‰²
ğŸ‘©â€ğŸ¦°,:woman_red_hair:,woman red hair,ç´…é ­é«®çš„å¥³äºº
ğŸƒâ€â™€ï¸,:woman_running:,woman running,å¥³äººè·‘
ğŸƒğŸ»â€â™€ï¸,:woman_running_light_skin_tone:,woman running light skin tone,è·‘æ­¥çš„å¥³äººæ·ºè†šè‰²
ğŸ¤·â€â™€ï¸,:woman_shrugging:,woman shrugging,å¥³äººè³è‚©
ğŸ¤·ğŸ¿â€â™€ï¸,:woman_shrugging_dark_skin_tone:,woman shrugging dark skin tone,æ·±è‰²è†šè‰²è³è‚©çš„å¥³äºº
ğŸ¤·ğŸ»â€â™€ï¸,:woman_shrugging_light_skin_tone:,woman shrugging light skin tone,è³è‚©çš„å¥³äººæ·ºè†šè‰²
ğŸ¤·ğŸ¾â€â™€ï¸,:woman_shrugging_medium-dark_skin_tone:,woman shrugging medium-dark skin tone,è³è‚©çš„å¥³äºº ä¸­æ·±è†šè‰²
ğŸ¤·ğŸ¼â€â™€ï¸,:woman_shrugging_medium-light_skin_tone:,woman shrugging medium-light skin tone,è³è‚©çš„å¥³äººä¸­æ·ºè†šè‰²
ğŸ§â€â™€ï¸,:woman_standing:,woman standing,ç«™è‘—çš„å¥³äºº
ğŸ‘©ğŸ»â€ğŸ“,:woman_student_light_skin_tone:,woman student light skin tone,å¥³å­¸ç”Ÿæ·ºè†šè‰²
ğŸ„â€â™€ï¸,:woman_surfing:,woman surfing,å¥³äººè¡æµª
ğŸŠâ€â™€ï¸,:woman_swimming:,woman swimming,å¥³å­æ¸¸æ³³
ğŸ‘©â€ğŸ«,:woman_teacher:,woman teacher,å¥³è€å¸«
ğŸ’â€â™€ï¸,:woman_tipping_hand:,woman tipping hand,å¥³äººå‚¾æ–œçš„æ‰‹
ğŸ’ğŸ»â€â™€ï¸,:woman_tipping_hand_light_skin_tone:,woman tipping hand light skin tone,å¥³äººå‚¾æ–œæ‰‹è¼ƒæ·ºè†šè‰²
ğŸš¶â€â™€ï¸,:woman_walking:,woman walking,èµ°è·¯çš„å¥³äºº
ğŸ‘°â€â™€ï¸,:woman_with_veil:,woman with veil,æˆ´é¢ç´—çš„å¥³äºº
ğŸ‘°ğŸ»â€â™€ï¸,:woman_with_veil_light_skin_tone:,woman with veil light skin tone,é¢ç´—æ·ºè†šè‰²çš„å¥³äºº
ğŸ§Ÿâ€â™€ï¸,:woman_zombie:,woman zombie,å¥³æ®­å±
ğŸ‘¢,:womanâ€™s_boot:,womanâ€™s boot,å¥³äººçš„é´å­
ğŸ‘š,:womanâ€™s_clothes:,womanâ€™s clothes,å¥³äººçš„è¡£æœ
ğŸ‘­,:women_holding_hands:,women holding hands,å©¦å¥³æ‰‹ç‰½è‘—æ‰‹
ğŸ‘­ğŸ»,:women_holding_hands_light_skin_tone:,women holding hands light skin tone,æ‰‹æ‹‰æ‰‹çš„å¥³äººæ·ºè†šè‰²
ğŸ‘¯â€â™€ï¸,:women_with_bunny_ears:,women with bunny ears,é•·è‘—å…”è€³æœµçš„å¥³äºº
ğŸšº,:womenâ€™s_room:,womenâ€™s room,å¥³å»æ‰€
ğŸªµ,:wood:,wood,æœ¨é ­
ğŸ¥´,:woozy_face:,woozy face,æ˜æ˜æ²‰æ²‰çš„è‡‰
ğŸ—º,:world_map:,world map,ä¸–ç•Œåœ°åœ–
ğŸ˜Ÿ,:worried_face:,worried face,æ“”å¿ƒçš„è‡‰
ğŸ,:wrapped_gift:,wrapped gift,åŒ…è£¹çš„ç¦®ç‰©
ğŸ”§,:wrench:,wrench,æ‰³æ‰‹
âœï¸,:writing_hand:,writing hand,æ‰‹å¯«
âœğŸ»,:writing_hand_light_skin_tone:,writing hand light skin tone,æ›¸å¯«æ‰‹æ·ºè†šè‰²
ğŸ¥±,:yawning_face:,yawning face,æ‰“å“ˆæ¬ çš„è‡‰
ğŸ’›,:yellow_heart:,yellow heart,é»ƒå¿ƒ
ğŸŸ¨,:yellow_square:,yellow square,é»ƒè‰²æ–¹å¡Š
ğŸ¤ª,:zany_face:,zany face,æ»‘ç¨½çš„è‡‰
ğŸ¦“,:zebra:,zebra,æ–‘é¦¬
ğŸ¤,:zipper-mouth_face:,zipper-mouth face,æ‹‰éŠå˜´è‡‰
